file	num_segments	duration_seconds	num_words
SJ213.1.mpg	8	31	112
R1032.1.mpg	31	172	497
SJ73.1.mpg	88	480	1276
SJ196.1.mpg	70	274	909
SJ119.1.mpg	31	125	343
R1033.1.mpg	63	321	987
SJ51B.1.mpg	32	123	320
SJ51A.1.mpg	83	378	844
SJ63.1.mpg	73	436	1200
R1205.1.mpg	119	303	1030
SJ35.1.mpg	134	448	1202
SJ216.1.mpg	83	485	1302
SJ-ISAM.1.mpg	183	896	2347
SJ218.1.mpg	16	48	186
SJ111.1.mpg	5	27	75
SJA9B.1.mpg	13	94	291
SJ3.1.mpg	20	79	264
SJ36.1.mpg	165	908	2398
SJA67.1.mpg	110	509	1498
SJ100.1.mpg	87	503	1190
SJ188.1.mpg	92	249	694
SJ70.1.mpg	39	160	477
SJ146.1.mpg	109	503	1330
SJ30.1.mpg	5	23	60
SJ173B.1.mpg	66	322	760
SJ173C.1.mpg	63	361	933
SJ143.1.mpg	48	178	591
SJ173A.1.mpg	108	641	1601
Nuet19C.1.mpg	86	349	1130
Nuet36A.1.mpg	104	381	1290
Nuet35A.1.mpg	140	493	1722
Nuet24A.1.mpg	118	396	1469
Nuet33A.1.mpg	80	294	1057
Nuet39A.1.mpg	87	298	1082
Nuet30A.1.mpg	81	301	1060
Nuet22B.1.mpg	6	33	114
Nuet42A.1.mpg	94	386	1348
Nuet19H.1.mpg	86	302	1060
Nuet25C.1.mpg	8	27	85
Nuet48A.1.mpg	121	432	1370
Nuet18A.1.mpg	133	492	1676
Nuet19F.1.mpg	126	388	1285
Nuet45A.1.mpg	91	337	1186
Nuet25A.1.mpg	82	313	1055
Nuet46A.1.mpg	91	346	1324
Nuet20A.1.mpg	89	308	1070
Nuet44C.1.mpg	1	0	1
Nuet48C.1.mpg	43	153	425
Nuet19G.1.mpg	93	370	1126
Nuet26A.1.mpg	84	387	1201
Nuet27A.1.mpg	124	381	1373
Nuet31A.1.mpg	76	301	1008
Nuet23A.1.mpg	71	352	1121
Nuet43A.1.mpg	90	403	1212
Nuet16A.1.mpg	94	296	1074
Nuet21.1.mpg	35	127	428
Nuet19J.1.mpg	88	310	1055
Nuet14.1.mpg	113	362	1321
Nuet19D.1.mpg	70	236	812
Nuet19I.1.mpg	114	330	1274
Nuet15C.1.mpg	3	21	80
Nuet19B.1.mpg	77	242	816
Nuet27B.1.mpg	5	25	79
Nuet19A.1.mpg	112	312	1041
Nuet34A.1.mpg	105	355	1127
Nuet47A.1.mpg	78	273	937
Nuet29A.1.mpg	116	413	1361
Nuet22A.1.mpg	63	241	884
Nuet41B.1.mpg	36	179	544
Nuet17A.1.mpg	72	321	1118
Nuet38A.1.mpg	102	383	1305
Nuet15B.1.mpg	38	144	534
Nuet32A.1.mpg	84	314	1119
Nuet15A.1.mpg	94	379	1270
Nuet19E.1.mpg	115	380	1265
Nuet41A.1.mpg	87	324	1112
Nuet28A.1.mpg	84	358	1203
Nuet49A.1.mpg	88	327	1126
Nuet40.1.mpg	117	357	1205
Nuet37.1.mpg	88	335	1144
Nuet103C.1.mpg	86	379	1184
Nuet88.1.mpg	85	323	1190
Nuet99A.1.mpg	95	314	1096
Nuet101A.1.mpg	79	328	1144
Nuet94B.1.mpg	49	200	605
Nuet96A.1.mpg	82	338	1066
Nuet102A.1.mpg	98	333	1200
Nuet93A.1.mpg	111	382	1260
Nuet97A.1.mpg	77	315	1059
Nuet92A.1.mpg	116	460	1380
Nuet100C.1.mpg	39	146	525
Nuet100A.1.mpg	97	388	1252
Nuet89A.1.mpg	74	318	1027
Nuet102B.1.mpg	1	0	2
Nuet91A.1.mpg	139	419	1414
Nuet87A.1.mpg	97	358	1217
Nuet98A.1.mpg	90	302	1010
Nuet90A.1.mpg	121	419	1379
Nuet103B.1.mpg	104	370	1340
Nuet94A.1.mpg	77	272	973
Nuet103A.1.mpg	102	411	1322
Nuet95A.1.mpg	67	284	959
Nuet104-6.1.mpg	170	385	1510
Nuet104-3.1.mpg	76	216	792
Nuet104-1.1.mpg	55	250	557
Nuet104-5.1.mpg	109	330	924
Nuet104-2.1.mpg	123	288	1004
Nuet104-4.1.mpg	127	347	1192
Nuet13A.1.mpg	81	342	1146
Nuet6A.1.mpg	67	283	921
Nuet12.1.mpg	60	258	893
Nuet7B.1.mpg	60	141	566
Nuet4A.1.mpg	79	235	871
Nuet2A.1.mpg	112	412	1300
Nuet3A.1.mpg	77	272	846
Nuet10A.1.mpg	77	310	1030
Nuet1A.1.mpg	85	333	937
Nuet11A.1.mpg	82	331	1235
Nuet9A.1.mpg	97	268	1117
Nuet7A.1.mpg	80	292	991
Nuet8A.1.mpg	68	265	920
MOT.1.mpg	118	369	1306
Nuet50A.1.mpg	102	354	1203
Nuet61A.1.mpg	90	363	1093
Nuet59A.1.mpg	70	296	939
Nuet58.1.mpg	107	372	1181
Nuet51A.1.mpg	80	326	1040
Nuet71A.1.mpg	107	335	1141
Nuet83A.1.mpg	107	425	1332
Nuet55D.1.mpg	32	79	307
Nuet86A.1.mpg	92	292	1074
Nuet79A.1.mpg	93	338	1190
Nuet75A.1.mpg	101	324	1122
Nuet52A.1.mpg	86	325	1150
Nuet78A.1.mpg	65	271	925
Nuet85A.1.mpg	101	315	1189
Nuet69A.1.mpg	135	418	1436
Nuet67C.1.mpg	54	102	442
Nuet63A.1.mpg	68	263	905
Nuet74A.1.mpg	86	376	1145
Nuet57A.1.mpg	96	360	1200
Nuet77A.1.mpg	117	352	1150
Nuet70A.1.mpg	79	392	1175
Nuet76A.1.mpg	107	384	1264
Nuet53A.1.mpg	63	254	923
Nuet66A.1.mpg	108	409	1324
Nuet67A.1.mpg	101	369	1259
Nuet72A.1.mpg	101	320	1130
Nuet64A.1.mpg	79	310	1098
Nuet65A.1.mpg	71	347	1103
Nuet60A.1.mpg	92	370	1259
Nuet62A.1.mpg	83	300	1031
Nuet68B.1.mpg	78	349	911
Nuet73A.1.mpg	91	297	1006
Nuet56.1.mpg	99	344	1203
Nuet54A.1.mpg	107	447	1513
Nuet87B.1.mpg	2	3	9
Nuet66B.1.mpg	42	182	496
Nuet84A.1.mpg	115	340	1246
Nuet63B.1.mpg	69	271	835
Nuet81C.1.mpg	51	239	730
Nuet82A.1.mpg	90	380	1125
Nuet81A.1.mpg	118	344	1184
Nuet80A.1.mpg	84	290	1053
Nuet49C.1.mpg	1	0	3
Nuet66D.1.mpg	90	324	982
Nuet68A.1.mpg	82	325	958
Nuet55A.1.mpg	130	474	1683
Nuet64B.1.mpg	39	160	546
XA_TF08-0348.mpg	56	148	441
XA_TF08-0350.mpg	50	210	508
ufa700.mpg	28	153	487
ufa601.mpg	21	115	368
ufa671.mpg	43	222	594
XA_TF08-0349.mpg	44	98	284
XA_TF10-5066.mpg	59	227	745
XA_TF08-0351.mpg	52	218	598
XA_TF08-0352.mpg	60	173	495
Kino280A.1.mpg	122	480	1457
Kino68A.1.mpg	83	494	1255
Kino213B.1.mpg	102	790	1906
Kino87.1.mpg	103	530	1471
Kino88.1.mpg	80	427	1166
Kino50.1.mpg	130	627	1864
Kino69.1.mpg	111	457	1314
Kino49.1.mpg	129	555	1633
Kino295A-B.1.mpg	140	922	2659
Kino247A-B.1.mpg	129	586	1667
Kino180.1.mpg	38	180	472
Kino166B.1.mpg	100	402	1090
Kino130.1.mpg	117	508	1417
Kino309.1.mpg	6	14	48
Kino114.1.mpg	154	560	1671
Kino308.1.mpg	95	337	873
Kino275.1.mpg	122	725	1849
Kino131A-B.1.mpg	312	489	1960
Kino183.1.mpg	55	172	595
Kino292.1.mpg	102	569	1469
Kino269.1.mpg	70	473	1213
Kino197C.1.mpg	175	359	1612
Kino140.1.mpg	18	95	280
Kino202.1.mpg	75	236	550
Kino146A-B.1.mpg	233	1007	3111
Kino230.1.mpg	45	239	618
Kino192.1.mpg	177	300	1037
Kino273.1.mpg	70	460	1209
Kino241.1.mpg	118	575	1313
Kino61.1.mpg	81	304	849
Kino141.1.mpg	58	143	524
Kino267.1.mpg	77	398	1054
Kino245.1.mpg	31	144	337
Kino268.1.mpg	72	417	1000
Kino256.1.mpg	56	190	483
Kino277.1.mpg	83	523	1298
Kino266.1.mpg	105	465	1446
Kino614.1.mpg	58	257	670
Kino47.1.mpg	81	421	1101
Kino155A.1.mpg	54	219	635
Kino70C.1.mpg	81	157	527
Kino248.1.mpg	48	265	640
Kino242.1.mpg	60	268	791
Kino70B.1.mpg	161	178	974
Kino70A.1.mpg	203	285	1223
Kino197B.1.mpg	280	449	1923
Kino84.1.mpg	46	190	530
Kino190C.1.mpg	120	202	797
Kino59.1.mpg	31	182	370
Kino121.1.mpg	29	57	216
Kino306A-D.1.mpg	632	1450	4987
Kino252.1.mpg	91	370	925
Kino279.1.mpg	78	298	919
Kino286.1.mpg	105	453	1265
Kino194B.1.mpg	114	200	884
Kino196.1.mpg	112	323	1026
Kino220.1.mpg	51	75	297
Kino290.1.mpg	91	424	1169
Kino255.1.mpg	100	569	1527
Kino199.1.mpg	123	505	1310
Kino177A.1.mpg	71	284	716
Kino223.1.mpg	61	329	810
Kino72.1.mpg	136	607	1680
Kino212.1.mpg	58	226	675
Kino224.1.mpg	102	412	1261
Kino251.1.mpg	91	574	1225
Kino182C.1.mpg	73	460	1269
Kino73.1.mpg	122	558	1511
Kino222.1.mpg	86	562	1183
Kino194C.1.mpg	154	271	1086
Kino227A.1.mpg	1	0	1
Kino250.1.mpg	117	377	1255
Kino253.1.mpg	75	394	1141
Kino19.1.mpg	26	156	370
Kino54.1.mpg	111	480	1378
Kino254.1.mpg	90	406	1271
Kino323A-B.1.mpg	125	672	1677
Kino349.1.mpg	23	164	417
Kino133.1.mpg	97	261	875
Kino166A.1.mpg	136	490	1409
Kino324A-B.1.mpg	64	277	827
Kino179C.1.mpg	21	90	212
Kino111A-I.1.mpg	825	1459	5844
Kino178B.1.mpg	58	170	462
Kino179B.1.mpg	28	157	406
Kino178A.1.mpg	72	153	516
Kino179A.1.mpg	49	195	530
Kino143E.1.mpg	1	1	1
Kino143D.1.mpg	13	30	46
Kino216.1.mpg	1	1	1
Kino237A.1.mpg	59	218	603
Kino237B.1.mpg	16	38	228
Kino80.1.mpg	168	439	1361
Kino44.1.mpg	113	396	1129
Kino37.1.mpg	31	136	364
Kino7.1.mpg	8	67	118
Kino214.1.mpg	57	313	812
Kino167.1.mpg	124	463	1493
Kino289A-C.1.mpg	228	1231	3135
Kino297A-D.1.mpg	265	1327	3492
Kino327A-C.1.mpg	145	917	2150
Kino318.1.mpg	67	151	493
Kino319B.1.mpg	134	371	1231
Kino284.1.mpg	98	476	1363
Kino319D.1.mpg	66	280	725
Kino271.1.mpg	69	399	1178
Kino197D.1.mpg	197	343	1567
Kino68B.1.mpg	100	523	1440
Kino319A.1.mpg	156	457	1500
Kino67.1.mpg	133	436	1581
Kino319C.1.mpg	136	433	1383
Kino283.1.mpg	105	456	1476
Kino278.1.mpg	99	463	1437
Kino310A-B.1.mpg	18	59	108
Kino221A-E.1.mpg	441	1536	3814
Kino131A.1.mpg	220	276	1386
Kino110.1 Tecknad reklamfilm 1926.mpg	24	39	123
Kino299A-B.1.mpg	114	636	1708
Kino14.1.mpg	90	249	907
Kino303AB.1.mpg	134	660	1719
Kino46.1.mpg	62	356	804
Kino86.1.mpg	72	231	947
Kino43.1.mpg	49	250	586
Kino75.1.mpg	36	210	476
Kino28.1.mpg	32	120	371
Kino45.1.mpg	70	364	900
Kino231.1.mpg	68	345	849
Kino270.1.mpg	86	418	1179
Kino195.1.mpg	182	395	1414
Kino232.1.mpg	100	509	1208
Kino215.1.mpg	1	0	4
Kino13B.1.mpg	41	222	438
Kino194D.1.mpg	70	230	727
Kino257.1.mpg	32	51	407
Kino265.1.mpg	121	581	1595
Kino18.1.mpg	17	89	180
Kino13A.1.mpg	46	221	474
Kino177B.1.mpg	80	339	876
Kino13E.1.mpg	22	122	284
Kino13C.1.mpg	41	160	386
Kino13D.1.mpg	36	163	364
Kino176.1.mpg	126	134	664
Kino320A-B.1.mpg	112	527	1406
Kino264.1.mpg	74	395	833
Kino9.1.mpg	4	2	8
Kino249.1.mpg	104	467	1382
Kino83.1.mpg	29	59	338
Kino85.1.mpg	93	364	1211
Kino229.1.mpg	83	378	1069
Kino263.1.mpg	89	416	1174
Kino236.1.mpg	105	656	1608
Kino200.1.mpg	139	412	1261
Kino313A.1.mpg	80	436	925
Kino282.1.mpg	76	360	973
Kino316.1.mpg	139	580	1622
Kino233.1.mpg	39	261	747
Kino246.1.mpg	76	405	1149
Kino185.1.mpg	5	4	36
Kino30.1.mpg	56	278	831
Kino313B.1.mpg	124	667	1572
Kino193.1.mpg	170	390	1156
Kino226.1.mpg	146	690	1941
Kino225.1.mpg	95	410	1147
Kino211.1.mpg	40	174	661
Kino351.1.mpg	23	204	483
Kino298D.1.mpg	58	241	650
Kino82.1.mpg	101	250	919
Kino298B.1.mpg	18	76	205
Kino298C.1.mpg	69	279	756
Kino298E.1.mpg	1	0	2
Kino298A.1.mpg	54	227	703
Kino325A-B.1.mpg	148	558	1538
Kino41.1.mpg	69	285	844
Kino48.1.mpg	39	182	477
Kino40.1.mpg	102	425	1185
Kino326.1.mpg	159	511	1521
Kino201.1.mpg	106	323	1005
Kino190A.1.mpg	43	188	533
Kino190B.1.mpg	24	123	284
Kino198.1.mpg	145	410	1221
Kino191.1.mpg	167	354	1254
Kino38.1.mpg	60	138	402
Kino197A.1.mpg	247	498	1640
Kino238.1.mpg	2	0	2
Kino259.1.mpg	141	472	1520
Kino296A-D.1.mpg	252	1364	3334
Kino272.1.mpg	118	598	1635
Kino301.1.mpg	83	448	1136
Kino258.1.mpg	5	10	71
Kino132.1.mpg	71	316	832
Kino291A-B.1.mpg	148	727	2244
Kino302A-B.1.mpg	138	673	1793
Kino228.1.mpg	176	403	1320
Kino312C.1.mpg	29	16	100
Kino322A-B.1.mpg	173	849	2362
Kino244.1.mpg	118	597	1572
Kino293.1.mpg	94	426	1322
Kino62.1.mpg	62	373	874
Kino194A.1.mpg	147	257	1190
Kino261A-B.1.mpg	152	763	2008
Kino78.1.mpg	108	435	1297
Kino240.1.mpg	93	413	1279
Kino53B.1.mpg	49	280	663
Kino182B.1.mpg	64	142	560
Kino239.1.mpg	70	352	1159
Kino53A.1.mpg	65	316	959
Kino31.1.mpg	138	468	1591
Kino165.1.mpg	75	288	938
Kino243.1.mpg	113	607	1568
Kino51.1.mpg	95	519	1293
Kino274B.1.mpg	87	452	1254
Kino274C.1.mpg	91	500	1368
Kino274A.1.mpg	82	437	1169
Kino274D.1.mpg	99	611	1508
Kino276A.1.mpg	68	364	1030
Kino213A.1.mpg	131	766	1714
Kino321A-B.1.mpg	77	416	854
SF2921.1.mpg	103	536	1545
SF1083B.1.mpg	144	507	1581
SF1087A.1.mpg	80	378	1255
SF2671B.1.mpg	98	258	865
SF2734.1.mpg	84	266	907
SF1112.1.mpg	114	499	1414
SF1107C.1.mpg	101	459	1396
SF1113B.1.mpg	24	97	300
SF2916.1.mpg	79	318	1091
SF1094B.1.mpg	62	211	654
SF1084.1.mpg	45	226	674
SF1083A.1.mpg	24	119	322
SF2671A.1.mpg	61	174	532
SF1107D.1.mpg	72	236	688
SF1107A.1.mpg	38	221	622
SF1091A.1.mpg	39	167	512
SF1106B.1.mpg	53	197	468
SF2739B.1.mpg	2	0	4
SF1092.1.mpg	34	145	465
SF2671C.1.mpg	61	153	512
SF2815.1.mpg	92	660	1529
SF2936.1.mpg	65	240	793
SF1079A.1.mpg	70	268	911
SF1082A.1.mpg	66	408	1113
SF1091B.1.mpg	89	237	962
SF2912.1.mpg	1	0	1
SF1093.1.mpg	44	172	544
SF1102B.1.mpg	40	122	384
SF1100.1.mpg	60	279	826
SF1109.1.mpg	105	316	1050
SF1105A.1.mpg	74	184	647
SF1991E.1.mpg	32	118	245
SF1094C.1.mpg	6	31	102
SF1086.1.mpg	27	151	422
SF2733.1.mpg	65	271	637
SF1078B.1.mpg	6	2	8
SF1089.1.mpg	76	282	948
SF1098A.1.mpg	42	244	754
SF2914.1.mpg	131	463	1372
SF2920.1.mpg	3	0	3
SF1991C.1.mpg	7	37	87
SF2926A-D.1.mpg	444	1435	4520
SF2692.1.mpg	203	369	1490
SF1104B.1.mpg	29	111	351
SF2794.1.mpg	59	178	599
SF1096B.1.mpg	22	84	265
SF1111C.1.mpg	52	163	485
SF1095.1.mpg	44	208	695
SF1081.1.mpg	92	314	1144
SF1107B.1.mpg	5	22	59
SF1875A-C.1.mpg	303	1051	3251
SF1108.1.mpg	56	209	700
SF1099A.1.mpg	92	246	878
SF1991A.1.mpg	49	213	448
SF2721.1.mpg	15	81	227
SF1099D.1.mpg	39	144	348
SF1111A.1.mpg	57	261	774
SF1096A.1.mpg	42	186	599
SF1078A.1.mpg	87	365	1151
SF1991D.1.mpg	16	26	84
SF2742A.1.mpg	20	84	199
SF1102A.1.mpg	40	149	493
SF1090.1.mpg	80	256	980
SF1102C.1.mpg	19	59	196
SF1099B.1.mpg	62	216	710
SF1110.1.mpg	41	178	530
SF2720.1.mpg	13	80	218
SF1991B.1.mpg	45	134	356
SF1103.1.mpg	70	256	816
SF1099C.1.mpg	11	43	132
SF1111B.1.mpg	46	147	515
SF1104A.1.mpg	54	224	758
SF2924.1.mpg	57	317	772
SF2949.1.mpg	121	309	1508
SF1087B.1.mpg	64	193	577
SF2735B.1.mpg	62	327	852
SF1105B.1.mpg	59	184	628
SF1088.1.mpg	65	307	909
SF1085.1.mpg	56	315	922
SF1101.1.mpg	55	205	628
SF1099E.1.mpg	33	93	206
SF2735A.1.mpg	58	339	822
SF1097.1.mpg	52	244	777
SF1104C.1.mpg	45	144	618
SF1094A.1.mpg	48	197	571
SF1113C.1.mpg	68	279	717
SF2799.1.mpg	147	699	1755
SF1106A.1.mpg	66	298	1010
SF2956.1.mpg	6	3	17
SF2915.1.mpg	110	441	1466
SF2740.1.mpg	59	246	752
SF2741.1.mpg	91	385	1087
SF1525.1.mpg	7	26	84
SF1534.1.mpg	86	411	1138
SF1552.1.mpg	82	354	950
SF1532.1.mpg	85	343	982
SF1547.1.mpg	99	375	1049
SF3358.1.mpg	66	394	941
SF1556.1.mpg	69	333	859
SF1526B.1.mpg	57	227	682
SF1545.1.mpg	25	105	274
SF1535.1.mpg	85	346	939
SF1549.1.mpg	101	350	980
SF1523A.1.mpg	16	52	156
SF1524B.1.mpg	54	194	599
SF1522A.1.mpg	34	188	374
SF1536.1.mpg	45	197	483
SF1526C.1.mpg	94	238	912
SF1527.1.mpg	80	348	1046
SF1539A.1.mpg	61	227	645
SF1561.1.mpg	77	322	867
SF3131.1.mpg	92	249	717
SF1541A.1.mpg	72	223	711
SF1543.1.mpg	84	272	773
SF1564A.1.mpg	61	203	630
SF1520.1.mpg	45	154	447
SF1519.1.mpg	76	307	848
SF1531A.1.mpg	92	342	1017
SF1555.1.mpg	85	414	1181
SF1553.1.mpg	87	342	905
SF1523B.1.mpg	80	280	786
SF3253B.1.mpg	61	238	593
SF1521.1.mpg	124	311	905
SF1560.1.mpg	51	194	589
SF1526A.1.mpg	92	325	1000
SF3253D.1.mpg	45	241	482
SF1542A.1.mpg	46	183	498
SF1533.1.mpg	64	233	710
SF3253C.1.mpg	51	193	522
SF1529A.1.mpg	58	261	773
SF1558B.1.mpg	16	112	287
SF3245.1.mpg	158	484	1303
SF1540A.1.mpg	56	188	523
SF1544A.1.mpg	51	155	446
SF1563.1.mpg	67	295	855
SF1558A.1.mpg	44	161	389
SF1559.1.mpg	91	310	845
SF1524A.1.mpg	66	195	601
SF1516B.1.mpg	64	137	590
SF1562.1.mpg	62	284	814
SF3243.1.mpg	101	379	1051
SF1557.1.mpg	50	203	581
SF1518.1.mpg	55	197	585
SF3253A.1.mpg	33	98	257
SF3244.1.mpg	147	518	1637
SF1564B.1.mpg	107	303	1113
SF1550B-C.1.mpg	94	655	1388
SF1531B.1.mpg	44	371	689
SF1528A.1.mpg	58	238	692
SF1522B.1.mpg	47	192	514
SF3103A-C.1.mpg	338	934	2965
SF1546.1.mpg	85	380	1131
SF3318.1.mpg	83	199	776
SF1554.1.mpg	70	332	954
SF1550A.1.mpg	38	155	458
SF1530.1.mpg	89	361	1109
SF1529B.1.mpg	47	259	710
SF1537.1.mpg	50	195	562
SF1548.1.mpg	82	368	1011
SF1551.1.mpg	48	174	478
SF1538.1.mpg	51	167	505
SF505.1.mpg	1	2	7
SF1636.1.mpg	96	455	1398
SF1650.1.mpg	147	545	1635
SF3293.1.mpg	126	432	1373
SF1634.1.mpg	105	540	1639
SF1621A.1.mpg	96	408	1173
SF1612A.1.mpg	37	218	649
SF1647A.1.mpg	115	556	1681
SF1628.1.mpg	56	142	464
SF1611.1.mpg	93	436	1256
SF1617.1.mpg	98	323	1080
SF1609.1.mpg	75	313	1008
SF1616B.1.mpg	9	45	138
SF1638.1.mpg	65	344	910
SF1610.1.mpg	68	297	924
SF1624B.1.mpg	73	275	847
SF1641.1.mpg	88	397	1272
SF1614.1.mpg	103	419	1222
SF1621B.1.mpg	41	174	451
SF1639.1.mpg	151	503	1674
SF1619.1.mpg	96	417	1221
SF1624A.1.mpg	56	295	838
SF1635A.1.mpg	62	306	928
SF3298A-B.1.mpg	70	539	1287
SF1627.1.mpg	78	294	943
SF1606C.1.mpg	79	491	1249
SF1640.1.mpg	81	399	1218
SF3261A-E.1.mpg	199	867	2305
SF3295.1.mpg	88	228	769
SF1647B.1.mpg	42	206	391
SF1616A.1.mpg	63	295	923
SF1626B.1.mpg	19	85	234
SF1618A.1.mpg	72	306	886
SF1623.1.mpg	97	308	1032
SF1637A.1.mpg	122	493	1393
SF2822.1.mpg	114	332	884
SF1629A.1.mpg	46	180	460
SF1646.1.mpg	33	221	466
SF3294.1.mpg	138	347	1201
SF1612B.1.mpg	84	324	982
SF1626A.1.mpg	67	354	972
SF1644.1.mpg	117	460	1402
SF1649.1.mpg	77	367	1091
SF1648.1.mpg	73	392	1092
SF1645.1.mpg	110	396	1322
SF1625.1.mpg	84	400	1192
SF1643.1.mpg	80	416	1115
SF1608.1.mpg	82	330	1063
SF1633A.1.mpg	86	422	1240
SF1607B.1.mpg	18	69	205
SF1629C.1.mpg	2	1	6
SF3219.1.mpg	67	253	759
SF3292.1.mpg	144	312	921
SF1642.1.mpg	72	292	879
SF1622A.1.mpg	92	400	1142
SF1630A.1.mpg	95	467	1321
SF1631A.1.mpg	86	404	1286
SF1632.1.mpg	112	484	1497
SF1613.1.mpg	154	489	1493
SF1620.1.mpg	60	303	733
SF3304.1.mpg	6	0	6
SF2851.1.mpg	94	409	1251
SF2868A-E.1.mpg	224	1088	3166
SF1926.1.mpg	84	710	1425
SF2885A.1.mpg	128	309	1278
SF2878.1.mpg	85	418	1450
SF969.1.mpg	17	104	335
SF970B.1.mpg	39	119	513
SF2906.1.mpg	81	440	1223
SF982B.1.mpg	17	80	220
SF2673.1.mpg	13	65	126
SF975C.1.mpg	16	39	99
SF1965.1.mpg	65	626	1273
SF996B.1.mpg	63	128	693
SF977B.1.mpg	74	247	796
SF990C.1.mpg	21	68	234
SF2873.1.mpg	83	389	1358
SF1003B.1.mpg	61	271	686
SF970A.1.mpg	31	168	572
SF2792.1.mpg	18	69	143
SF994C.1.mpg	76	263	860
SF983A.1.mpg	70	350	1036
SF985A.1.mpg	44	178	488
SF3210.1.mpg	76	361	958
SF3169A.1.mpg	74	388	1013
SF981.1.mpg	43	224	643
SF979.1.mpg	58	302	893
SF999.1.mpg	22	139	403
SF980.1.mpg	52	225	645
SF987A.1.mpg	50	174	655
SF3211.1.mpg	73	305	938
SF3174A-C.1.mpg	264	969	2974
SF973.1.mpg	38	205	590
SF1966.1.mpg	74	507	1099
SF3353.1.mpg	140	218	1130
SF990B.1.mpg	67	294	1021
SF1000.1.mpg	78	470	1295
SF986C.1.mpg	18	67	223
SF3364.1.mpg	463	1799	4852
SF2866.1.mpg	4	4	16
SF2976.1.mpg	62	249	920
SF1001A.1.mpg	54	259	737
SF978.1.mpg	79	387	1160
SF975A.1.mpg	37	145	458
SF998.1.mpg	76	377	1101
SF984.1.mpg	68	356	1110
SF1001B.1.mpg	27	84	217
SF971.1.mpg	71	346	1153
SF3170A.1.mpg	72	248	866
SF1002.1.mpg	34	204	584
SF2884.1.mpg	45	254	701
SF2895.1.mpg	12	56	185
SF1820.1.mpg	56	218	756
SF3169B.1.mpg	110	381	1226
SF986B.1.mpg	58	375	1019
SF1004.1.mpg	35	148	548
SF2677A-B.1.mpg	81	286	806
SF995.1.mpg	80	414	1301
SF2784.1.mpg	1	1	4
SF982E.1.mpg	28	82	262
SF2885B-C.1.mpg	302	615	2564
SF2875.1.mpg	86	357	1057
SF990A.1.mpg	39	172	541
SF2676.1.mpg	87	350	1021
SF1925A-B.1.mpg	420	1189	3627
SF972.1.mpg	18	93	313
SF3208.1.mpg	109	466	1642
SF2883.1.mpg	37	179	500
SF988.1.mpg	71	345	911
SF967B.1.mpg	157	270	1051
SF976.1.mpg	31	150	400
SF2874.1.mpg	63	266	849
SF2739A.1.mpg	66	321	931
SF993A.1.mpg	43	193	601
SF982F.1.mpg	2	0	2
SF994A.1.mpg	25	105	384
SF977A.1.mpg	43	221	659
SF986A.1.mpg	48	219	709
SF2879.1.mpg	107	356	1102
SF2872.1.mpg	86	334	1196
SF993B.1.mpg	76	335	1004
SF994B.1.mpg	24	51	152
SF996A.1.mpg	84	486	1499
SF2687.1.mpg	21	41	146
SF970C.1.mpg	25	21	110
SF974A.1.mpg	50	204	724
SF3215.1.mpg	122	532	1795
SF3170B.1.mpg	74	404	1022
SF2846.1.mpg	122	771	1939
SF2876.1.mpg	26	147	433
SF991.1.mpg	63	310	923
SF2670A-D.1.mpg	270	593	1936
SF982A.1.mpg	37	193	590
SF985B.1.mpg	35	173	525
SF974B.1.mpg	63	233	689
SF2882.1.mpg	48	264	765
SF997.1.mpg	31	179	571
SF982D.1.mpg	11	29	102
SF989.1.mpg	74	355	1074
SF1003A.1.mpg	40	240	736
SF966B.1.mpg	118	321	1023
SF3212.1.mpg	51	245	759
SF2867.1.mpg	77	440	1284
SF992A.1.mpg	62	298	855
SF975B.1.mpg	23	8	67
SF2736.1.mpg	74	445	1095
SF1724.1.mpg	75	261	812
SF1709A.1.mpg	55	198	522
SF1690.1.mpg	104	337	1324
SF1694.1.mpg	109	382	1298
SF1716.1.mpg	125	388	1477
SF1699.1.mpg	85	335	1201
SF1718.1.mpg	131	470	1620
SF2657.1.mpg	132	299	1387
SF1725.1.mpg	96	352	1139
SF1713.1.mpg	109	394	1190
SF1693.1.mpg	103	455	1475
SF1708.1.mpg	57	278	825
SF1689.1.mpg	115	459	1664
SF1704A.1.mpg	131	438	1510
SF1704B.1.mpg	43	176	566
SF1722.1.mpg	99	292	1024
SF1692.1.mpg	108	359	1351
SF1717.1.mpg	99	330	1202
SF2830.1.mpg	94	534	1216
SF1706.1.mpg	95	326	1156
SF1721A.1.mpg	77	300	800
SF1714.1.mpg	109	354	1199
SF1715.1.mpg	112	364	1293
SF1711.1.mpg	114	351	1269
SF1691.1.mpg	130	485	1635
SF1712A.1.mpg	130	346	1246
SF1728.1.mpg	80	275	968
SF3252B.1.mpg	32	207	448
SF1726.1.mpg	70	214	717
SF1697.1.mpg	155	573	2048
SF1700.1.mpg	104	385	1291
SF1698.1.mpg	121	429	1436
SF1696.1.mpg	102	412	1385
SF1720.1.mpg	97	337	908
SF1721C.1.mpg	111	196	593
SF1695.1.mpg	137	451	1733
SF1710.1.mpg	142	479	1657
SF2823A-B.1.mpg	155	732	1844
SF1705.1.mpg	85	276	940
SF1703.1.mpg	144	474	1662
SF1721B.1.mpg	106	348	1051
SF1701A.1.mpg	106	423	1316
SF3252A.1.mpg	56	227	622
SF1727.1.mpg	108	378	1328
SF1723.1.mpg	77	291	865
SF1707.1.mpg	94	328	1154
SF1719.1.mpg	136	439	1592
SF1702.1.mpg	142	458	1608
SF1709B.1.mpg	92	294	928
SF934.1.mpg	74	273	877
SF943A.1.mpg	50	295	812
SF3193B.1.mpg	97	248	731
SF2666B.1.mpg	138	200	1110
SF940A.1.mpg	42	129	424
SF926B.1.mpg	74	275	1015
SF938B.1.mpg	7	14	52
SF938A.1.mpg	84	219	717
SF2893.1.mpg	62	335	1028
SF946B.1.mpg	47	229	769
SF951.1.mpg	25	158	405
SF931B.1.mpg	17	28	108
SF939A.1.mpg	62	307	1046
SF936A.1.mpg	48	247	730
SF943C.1.mpg	20	47	142
SF927B.1.mpg	24	53	240
SF2865.1.mpg	104	375	1171
SF963.1.mpg	36	203	556
SF948.1.mpg	27	183	549
SF3203.1.mpg	36	156	530
SF949A.1.mpg	32	176	476
SF932A.1.mpg	47	182	602
SF949B.1.mpg	16	73	146
SF933B.1.mpg	27	162	420
SF945A.1.mpg	23	134	418
SF959.1.mpg	28	88	276
SF942.1.mpg	21	120	370
SF2796.1.mpg	6	3	33
SF941.1.mpg	30	148	452
SF953B.1.mpg	5	2	13
SF2844A-B.1.mpg	140	865	1963
SF955D.1.mpg	86	312	877
SF933A.1.mpg	32	162	428
SF3193A.1.mpg	105	333	1041
SF929.1.mpg	33	180	550
SF927A.1.mpg	18	76	263
SF930A.1.mpg	88	490	1291
SF955B.1.mpg	39	95	462
SF962.1.mpg	22	120	321
SF961.1.mpg	21	98	259
SF932C.1.mpg	3	2	14
SF964A.1.mpg	38	171	593
SF957.1.mpg	21	117	354
SF945B.1.mpg	9	64	122
SF953C.1.mpg	29	78	217
SF955C.1.mpg	58	126	461
SF935.1.mpg	86	255	853
SF953A.1.mpg	15	81	219
SF950.1.mpg	20	138	376
SF952.1.mpg	53	236	695
SF932B.1.mpg	67	419	1022
SF3213.1.mpg	29	171	540
SF936B.1.mpg	14	63	216
SF945E.1.mpg	1	0	1
SF964B.1.mpg	3	0	3
SF947A.1.mpg	33	179	482
SF3214.1.mpg	64	237	907
SF930B.1.mpg	19	76	249
SF945F.1.mpg	99	382	1261
SF945D.1.mpg	74	319	1030
SF960A.1.mpg	27	85	313
SF2703.1.mpg	147	486	1586
SF965.1.mpg	39	157	605
SF956A.1.mpg	67	287	962
SF3195.1.mpg	62	257	848
SF2791.1.mpg	8	45	102
SF946A.1.mpg	37	189	476
SF945C.1.mpg	63	183	560
SF931A.1.mpg	30	123	393
SF958A.1.mpg	69	293	852
SF937.1.mpg	71	384	1160
SF928.1.mpg	20	103	295
SF955A.1.mpg	15	94	280
SF954.1.mpg	5	26	54
SF1835.1.mpg	55	249	785
SF1822.1.mpg	74	293	893
SF1830.1.mpg	88	352	1204
SF1837.1.mpg	95	269	958
SF1821A.1.mpg	92	328	1007
SF1811.1.mpg	73	296	946
SF1814.1.mpg	78	303	1010
SF1832A.1.mpg	47	173	613
SF1813.1.mpg	103	323	1086
SF1841.1.mpg	82	351	975
SF1817.1.mpg	63	264	689
SF1809.1.mpg	85	329	1089
SF1826.1.mpg	104	359	1193
SF1840.1.mpg	102	309	1019
SF1833.1.mpg	73	238	837
SF1824A.1.mpg	115	431	1458
SF1818.1.mpg	88	285	939
SF1828.1.mpg	89	367	1105
SF1836.1.mpg	65	301	975
SF1831.1.mpg	64	277	923
SF1842.1.mpg	93	401	1311
SF1823.1.mpg	66	291	889
SF1832B.1.mpg	56	193	690
SF1819.1.mpg	153	578	2000
SF1815.1.mpg	77	296	844
SF1824B.1.mpg	59	230	900
SF1816.1.mpg	84	316	999
SF1839A.1.mpg	72	264	816
SF1834.1.mpg	62	299	938
SF1829.1.mpg	73	308	899
SF1827.1.mpg	123	442	1410
SF1810.1.mpg	100	388	1333
SF1838A.1.mpg	85	326	1074
SF1808.1.mpg	89	298	1056
SF1210.1.mpg	47	176	511
SF1207.1.mpg	103	397	1312
SF1238.1.mpg	85	332	1087
SF1245A.1.mpg	19	63	203
SF1228B.1.mpg	5	26	63
SF1214B.1.mpg	53	251	625
SF2946A-B.1.mpg	100	378	978
SF1206B.1.mpg	49	183	539
SF1193.1.mpg	52	316	949
SF1223.1.mpg	45	193	642
SF1212.1.mpg	3	14	39
SF2964.1.mpg	73	482	1131
SF1197B.1.mpg	173	596	1946
SF1197A.1.mpg	143	546	1626
SF1230.1.mpg	91	295	932
SF1204B.1.mpg	64	205	487
SF2950A-D.1.mpg	121	519	1395
SF1208.1.mpg	106	335	1096
SF1886.1.mpg	86	413	1244
SF1233.1.mpg	100	360	1244
SF2983.1.mpg	109	421	1251
SF2941.1.mpg	88	296	919
SF1222A.1.mpg	101	359	1177
SF1204A.1.mpg	83	369	1091
SF1214C.1.mpg	78	245	845
SF1213.1.mpg	46	172	620
SF1194.1.mpg	90	399	1290
SF1228A.1.mpg	137	451	1555
SF1235.1.mpg	83	255	889
SF2857A-B.1.mpg	96	362	1047
SF1225.1.mpg	89	299	972
SF1237A.1.mpg	76	242	812
SF1231.1.mpg	88	309	955
SF1226A.1.mpg	30	117	344
SF1198.1.mpg	70	304	873
SF1209.1.mpg	67	274	850
SF1878.1.mpg	5	0	7
SF1199.1.mpg	109	470	1486
SF1206A.1.mpg	85	293	949
SF1214A.1.mpg	43	156	550
SF1211.1.mpg	66	188	620
SF1203.1.mpg	108	422	1232
SF1192.1.mpg	34	234	680
SF1229.1.mpg	85	317	1106
SF1234.1.mpg	116	362	1291
SF1227C.1.mpg	43	158	534
SF1237B.1.mpg	83	308	958
SF2938.1.mpg	161	613	1912
SF1196.1.mpg	58	297	855
SF1195B.1.mpg	91	318	1079
SF1224.1.mpg	77	284	961
SF1239.1.mpg	140	518	1707
SF1221.1.mpg	110	395	1286
SF1200.1.mpg	71	361	1120
SF1227B.1.mpg	74	298	976
SF3250A-C.1.mpg	479	1016	3854
SF1201.1.mpg	93	347	1164
SF1220.1.mpg	40	154	481
SF1236.1.mpg	135	432	1447
SF1195A.1.mpg	47	274	794
SF1227A.1.mpg	61	241	726
SF1205.1.mpg	86	395	1158
SF1202.1.mpg	63	319	934
SF1232.1.mpg	65	227	683
SF2981A.1.mpg	63	340	825
SF1273.1.mpg	87	377	1187
SF3312.1.mpg	28	227	521
SF2967C.1.mpg	48	355	735
SF1261A.1.mpg	41	162	459
SF2781.1.mpg	95	406	1171
SF1260.1.mpg	35	223	709
SF1258.1.mpg	24	153	315
SF1259C.1.mpg	62	291	1008
SF1280A.1.mpg	110	442	1444
SF1278A.1.mpg	113	586	1651
SF1257.1.mpg	19	98	277
SF2948A.1.mpg	76	316	938
SF1277.1.mpg	80	359	1007
SF1262A.1.mpg	148	494	1624
SF2775.1.mpg	50	120	292
SF1247A.1.mpg	102	364	1315
SF3367.1.mpg	56	212	724
SF3366.1.mpg	65	181	737
SF3365.1.mpg	97	281	1094
SF1255B.1.mpg	74	177	554
SF2948B.1.mpg	86	471	1304
SF2772.1.mpg	147	712	2067
SF1248B.1.mpg	155	507	1802
SF1259A.1.mpg	41	249	569
SF1274.1.mpg	117	443	1345
SF1256A.1.mpg	116	405	1356
SF2782.1.mpg	21	96	334
SF2770B.1.mpg	121	433	1366
SF1265A.1.mpg	95	366	1141
SF2771.1.mpg	87	308	851
SF1269.1.mpg	124	465	1411
SF1261B.1.mpg	82	243	867
SF1267.1.mpg	106	407	1266
SF1252C.1.mpg	66	286	855
SF3368.1.mpg	99	296	936
SF2980.1.mpg	39	182	424
SF3369.1.mpg	84	271	969
SF1254A.1.mpg	109	404	1344
SF3071.1.mpg	95	265	988
SF1270.1.mpg	114	409	1270
SF2777.1.mpg	103	321	1032
SF1275.1.mpg	66	261	827
SF2816A.1.mpg	61	210	478
SF1279.1.mpg	107	407	1157
SF1250.1.mpg	115	399	1443
SF1268.1.mpg	101	376	1220
SF1245B.1.mpg	44	136	499
SF1264.1.mpg	114	436	1416
SF2773.1.mpg	93	312	1003
SF1285.1.mpg	85	322	1014
SF1263.1.mpg	140	468	1513
SF2776A-B.1.mpg	184	428	1371
SF1253.1.mpg	52	256	740
SF1244.1.mpg	92	315	1095
SF1272.1.mpg	92	385	1198
SF1259E.1.mpg	41	269	744
SF2967A.1.mpg	52	411	889
SF1271.1.mpg	97	362	1178
SF2774.1.mpg	130	96	334
SF1249.1.mpg	126	424	1713
SF1255A.1.mpg	137	428	1441
SF2985A.1.mpg	44	319	670
SF2780.1.mpg	99	480	1327
SF1256B.1.mpg	9	34	136
SF1246.1.mpg	46	122	508
SF1248A.1.mpg	59	207	737
SF2997F.1.mpg	30	133	375
SF2979.1.mpg	64	201	597
SF2947.1.mpg	99	455	1327
SF2779.1.mpg	50	205	555
SF2997A-E.1.mpg	296	1277	3878
SF1259B.1.mpg	70	456	1244
SF2770A.1.mpg	61	217	705
SF1266.1.mpg	99	370	1086
SF1276.1.mpg	54	254	720
SF2768.1.mpg	33	214	647
SF1252A.1.mpg	21	69	247
SF1252B.1.mpg	52	284	766
SF1240.1.mpg	67	255	798
SF2778.1.mpg	105	377	1130
SF2769.1.mpg	19	97	277
SF2967B.1.mpg	48	306	777
SF1283B.1.mpg	25	133	352
SF1300.1.mpg	37	161	487
SF2898A.1.mpg	80	353	1000
SF2996B.1.mpg	112	494	1443
SF2995.1.mpg	65	278	842
SF1301.1.mpg	51	252	690
SF1294.1.mpg	109	414	1396
SF2996A.1.mpg	133	332	1119
SF1287.1.mpg	91	407	1161
SF2898D.1.mpg	49	235	633
SF1306A.1.mpg	163	605	1818
SF1306B.1.mpg	19	24	44
SF1297A.1.mpg	50	219	632
SF1293B.1.mpg	20	52	192
SF1292.1.mpg	85	322	996
SF1308.1.mpg	75	345	982
SF2996D.1.mpg	130	301	1031
SF3291.1.mpg	63	291	757
SF3262B.1.mpg	147	305	956
SF1303A.1.mpg	52	241	529
SF1286.1.mpg	83	280	956
SF1283A.1.mpg	69	280	847
SF1288B.1.mpg	104	302	998
SF1284.1.mpg	99	371	1160
SF1290B.1.mpg	48	222	736
SF1305A.1.mpg	109	469	1269
SF2982A.1.mpg	94	314	942
SF2817.1.mpg	160	596	1780
SF1315A.1.mpg	102	397	1229
SF2898E.1.mpg	55	241	649
SF2898B.1.mpg	57	251	695
SF1315B.1.mpg	17	58	177
SF1282.1.mpg	111	394	1232
SF2898C.1.mpg	29	145	454
SF1867A.1.mpg	93	235	833
SF1299.1.mpg	150	546	1812
SF1988.1.mpg	113	416	1196
SF1867C.1.mpg	115	357	1035
SF1303D.1.mpg	63	218	847
SF1314.1.mpg	89	389	1110
SF1291.1.mpg	50	192	596
SF1305B.1.mpg	2	5	12
SF1319.1.mpg	39	185	580
SF1303C.1.mpg	65	267	785
SF1304A.1.mpg	144	533	1588
SF2898G.1.mpg	57	241	640
SF2898F.1.mpg	56	302	711
SF1290A.1.mpg	106	444	1302
SF2810.1.mpg	9	5	24
SF1307.1.mpg	103	442	1414
SF1281.1.mpg	124	427	1404
SF1298.1.mpg	57	278	800
SF1309B.1.mpg	34	140	362
SF1288A.1.mpg	100	415	1310
SF1317.1.mpg	92	375	1168
SF2984A.1.mpg	21	117	313
SF1293A.1.mpg	96	384	1047
SF1309A.1.mpg	85	335	945
SF1289.1.mpg	105	364	1144
SF1303B.1.mpg	95	354	887
SF1311.1.mpg	82	321	981
SF1296.1.mpg	68	264	828
SF2824.1.mpg	107	296	1082
SF3262A.1.mpg	277	483	1635
SF1313.1.mpg	91	317	969
SF2989.1.mpg	120	500	1359
SF2996C.1.mpg	133	403	1135
SF1312.1.mpg	78	312	1030
SF1295.1.mpg	61	274	800
SF1867B.1.mpg	108	175	820
SF1316.1.mpg	60	273	757
SF1302.1.mpg	79	353	997
SF3232A-B.1.mpg	107	199	891
SF2571A-C.1.mpg	265	813	2449
SF3319A.1.mpg	123	350	1164
SF3319B.1.mpg	139	397	1319
SF3322A-B.1.mpg	55	66	323
SF1985A-E.1.mpg	203	463	1614
SF2835.1.mpg	78	313	820
SF3238A-B.1.mpg	155	193	1010
SF3237.1.mpg	13	21	57
SF3239B.1.mpg	40	74	281
SF3236A-B.1.mpg	62	276	767
SF3239A.1.mpg	35	79	292
SF2831A-C.1.mpg	122	184	610
SF1573.1.mpg	135	477	1336
SF1581.1.mpg	50	225	653
SF3297.1.mpg	139	278	1082
SF1567.1.mpg	104	355	1045
SF1591.1.mpg	94	390	1116
SF1593.1.mpg	37	227	622
SF1580.1.mpg	80	270	788
SF1595A.1.mpg	77	322	922
SF1579.1.mpg	100	408	1146
SF1584.1.mpg	77	254	708
SF1600.1.mpg	57	292	868
SF1605A.1.mpg	109	410	1266
SF1598.1.mpg	113	440	1408
SF1595B.1.mpg	59	234	681
SF1589.1.mpg	108	391	1298
SF1590.1.mpg	141	542	1684
SF1582.1.mpg	46	202	551
SF1606A.1.mpg	59	232	647
SF1566A.1.mpg	83	275	828
SF1585.1.mpg	80	372	1129
SF1601.1.mpg	87	422	1246
SF1602.1.mpg	87	383	1073
SF1569A.1.mpg	86	312	962
SF1570.1.mpg	29	105	344
SF1604A.1.mpg	37	184	465
SF3230.1.mpg	61	204	489
SF1597A.1.mpg	86	313	925
SF1576.1.mpg	42	149	447
SF1568.1.mpg	54	219	684
SF3229.1.mpg	131	548	1511
SF1599.1.mpg	96	352	1052
SF3254.1.mpg	143	529	1205
SF1604B.1.mpg	56	154	464
SF1588.1.mpg	91	391	1147
SF1574.1.mpg	53	197	602
SF1577.1.mpg	97	356	1070
SF1575.1.mpg	95	348	986
SF3228.1.mpg	122	563	1473
SF1565.1.mpg	57	225	720
SF3231.1.mpg	99	467	1142
SF1587.1.mpg	45	196	562
SF1572.1.mpg	124	363	1166
SF1571.1.mpg	74	297	926
SF1605B.1.mpg	80	264	797
SF1607A.1.mpg	121	362	1180
SF3217.1.mpg	97	356	1164
SF1594.1.mpg	92	316	913
SF1940A-B.1.mpg	144	606	1688
SF2899A-H.1.mpg	371	1688	4740
SF1578A.1.mpg	93	377	1163
SF1586.1.mpg	28	90	249
SF1597B.1.mpg	55	207	664
SF3000.1.mpg	84	364	925
SF1596.1.mpg	93	393	1173
SF1592A.1.mpg	65	298	829
SF1569B.1.mpg	45	188	538
SF1583.1.mpg	55	205	632
SF564.1.mpg	1	0	1
SF2908.1.mpg	60	280	796
SF3005.1.mpg	140	510	1600
SF3352.1.mpg	105	379	918
SF1512.1.mpg	55	279	754
SF1504C.1.mpg	180	363	1435
SF1504B.1.mpg	97	369	926
SF3014.1.mpg	108	516	1345
SF1503.1.mpg	30	129	354
SF1498.1.mpg	58	230	614
SF1483.1.mpg	80	300	821
SF1489.1.mpg	77	248	767
SF1486.1.mpg	146	468	1410
SF1508.1.mpg	44	196	554
SF1481.1.mpg	75	302	857
SF1513A.1.mpg	54	267	661
SF3296A.1.mpg	91	309	954
SF1517.1.mpg	58	255	683
SF1514.1.mpg	54	354	701
SF3200A.1.mpg	94	337	888
SF1488.1.mpg	130	474	1308
SF1500A.1.mpg	64	240	748
SF1928.1.mpg	138	496	1730
SF1484.1.mpg	63	248	721
SF1515.1.mpg	46	162	468
SF1516A2.1.mpg	36	214	496
SF1502.1.mpg	48	150	401
SF1513B.1.mpg	178	374	1422
SF1482.1.mpg	75	293	792
SF1493.1.mpg	133	360	1204
SF1499B.1.mpg	72	270	825
SF1480.1.mpg	46	172	492
SF1492.1.mpg	85	329	984
SF1501.1.mpg	50	184	622
SF1509.1.mpg	14	66	182
SF3316.1.mpg	1	0	1
SF1511B.1.mpg	83	340	1025
SF1506.1.mpg	52	185	562
SF1500B.1.mpg	55	206	595
SF2928A-C.1.mpg	217	949	2488
SF1499C.1.mpg	61	291	782
SF1500C.1.mpg	73	230	763
SF1485.1.mpg	54	170	524
SF1495A.1.mpg	75	298	873
SF1497.1.mpg	74	293	799
SF1496.1.mpg	95	379	1115
SF1490.1.mpg	70	273	783
SF3300.1.mpg	571	751	2685
SF1510.1.mpg	68	278	832
SF2818A.1.mpg	51	169	542
SF1504A.1.mpg	54	209	568
SF1494.1.mpg	65	263	784
SF1507.1.mpg	63	263	737
SF1499A.1.mpg	94	425	1117
SF1511A.1.mpg	71	230	715
SF1487.1.mpg	64	242	719
SF1505.1.mpg	64	250	802
SF1491.1.mpg	75	322	948
SF1516A1.1.mpg	50	253	733
SF1500D.1.mpg	61	264	812
SF1986E.1.mpg	10	18	105
SF2800.1.mpg	85	91	676
SF1958.1.mpg	6	2	10
SF3271.1.mpg	47	209	624
SF2542C.1.mpg	151	221	894
SF2543A.1.mpg	115	67	362
SF1986B.1.mpg	24	36	222
SF2553A.1.mpg	130	293	1329
SF2654.1.mpg	123	227	859
SF3048.1.mpg	8	16	69
SF674B.1.mpg	23	76	277
SF3175.1.mpg	31	142	527
SF679A.1.mpg	24	24	96
SF2765.1.mpg	53	129	440
SF2542A.1.mpg	18	56	156
SF3017.1.mpg	22	81	255
SF1986D.1.mpg	16	62	132
SF2789.1.mpg	162	741	1743
SF2764.1.mpg	10	61	165
SF1986A.1.mpg	37	94	445
SF675.1.mpg	25	65	310
SF689.1.mpg	2	22	12
SF1986G.1.mpg	20	27	127
SF3194.1.mpg	158	463	1514
SF2763.1.mpg	35	45	231
SF1986C.1.mpg	16	17	96
SF694.1.mpg	54	78	320
SF1986F.1.mpg	4	2	8
SF3055.1.mpg	54	150	341
SF3070.1.mpg	112	379	1039
SF1384.1.mpg	68	260	719
SF3240B.1.mpg	66	390	878
SF1371.1.mpg	76	277	828
SF1398.1.mpg	60	320	893
SF1396.1.mpg	62	252	680
SF2843.1.mpg	42	351	774
SF1887.1.mpg	121	221	1204
SF1383.1.mpg	58	278	795
SF1382A.1.mpg	44	206	547
SF3010.1.mpg	131	633	1716
SF1387.1.mpg	50	197	570
SF3248.1.mpg	66	228	480
SF3241D.1.mpg	43	211	501
SF3003.1.mpg	161	543	1555
SF1362.1.mpg	90	327	971
SF3240C.1.mpg	33	185	432
SF3242C.1.mpg	59	277	587
SF3242D.1.mpg	49	256	475
SF1363.1.mpg	56	278	747
SF1392.1.mpg	76	337	1034
SF1389B.1.mpg	175	423	1525
SF1366.1.mpg	117	503	1434
SF2858.1.mpg	3	0	4
SF1372.1.mpg	162	542	1687
SF3241C.1.mpg	45	207	511
SF2990.1.mpg	88	515	1451
SF1374.1.mpg	78	305	978
SF1379.1.mpg	45	181	524
SF3240A.1.mpg	73	420	980
SF1373.1.mpg	48	227	659
SF1381A.1.mpg	7	41	120
SF1388.1.mpg	30	178	348
SF1367.1.mpg	139	500	1591
SF3241B.1.mpg	60	262	735
SF1368.1.mpg	80	368	1152
SF1400.1.mpg	38	154	403
SF1397.1.mpg	77	349	975
SF1380.1.mpg	40	218	655
SF1395.1.mpg	58	253	707
SF3242E.1.mpg	38	134	303
SF3242A.1.mpg	45	239	526
SF1393.1.mpg	87	380	1126
SF1378A.1.mpg	81	420	1081
SF3242B.1.mpg	116	532	1206
SF1385B.1.mpg	53	200	671
SF1378B.1.mpg	7	41	116
SF1391.1.mpg	64	349	921
SF1343.1.mpg	51	280	797
SF1389A.1.mpg	74	359	1080
SF1399.1.mpg	43	209	558
SF1364.1.mpg	52	276	731
SF2839A.1.mpg	63	144	503
SF1385C.1.mpg	37	132	480
SF3241A.1.mpg	72	360	987
SF1375.1.mpg	91	388	1123
SF1390.1.mpg	59	247	752
SF1385A.1.mpg	56	269	731
SF1365.1.mpg	79	379	867
SF1377.1.mpg	134	467	1445
SF1386.1.mpg	43	213	538
SF1370.1.mpg	139	551	1738
SF1401.1.mpg	69	305	910
SF1394.1.mpg	30	167	479
SF1376.1.mpg	76	305	863
SF1369.1.mpg	116	400	1194
SF945G.1.mpg	26	106	321
SF1772B.1.mpg	35	122	403
SF794.1.mpg	1	1	1
SF805.1.mpg	3	1	12
SF1784B.1.mpg	13	50	161
SF780A.1.mpg	43	183	552
SF804.1.mpg	85	280	897
SF2618.1.mpg	207	575	1474
SF1775B.1.mpg	22	105	294
SF3115.1.mpg	27	133	395
SF773.1.mpg	79	214	732
SF3116.1.mpg	64	332	827
SF795A.1.mpg	17	83	240
SF1963A.1.mpg	39	341	765
SF806.1.mpg	36	103	442
SF803.1.mpg	115	260	872
SF784.1.mpg	24	123	378
SF796.1.mpg	82	293	858
SF787A.1.mpg	41	177	522
SF785.1.mpg	35	120	317
SF797.1.mpg	34	106	293
SF788.1.mpg	17	68	245
SF781.1.mpg	36	114	453
SF1783B.1.mpg	13	39	145
SF799.1.mpg	15	20	96
SF3117.1.mpg	58	216	591
SF2842.1.mpg	183	672	2089
SF783.1.mpg	57	163	629
SF800.1.mpg	37	210	483
SF771.1.mpg	29	162	418
SF790A.1.mpg	63	407	1007
SF778A.1.mpg	26	116	306
SF779.1.mpg	51	166	470
SF802.1.mpg	3	5	38
SF775.1.mpg	44	156	563
SF2632.1.mpg	163	382	1457
SF2631.1.mpg	1	0	5
SF1781B.1.mpg	21	65	208
SF786.1.mpg	50	150	432
SF2617.1.mpg	112	408	1234
SF782.1.mpg	31	82	298
SF3354.1.mpg	18	139	321
SF1807.1.mpg	88	317	1086
SF780B.1.mpg	18	30	157
SF790B.1.mpg	96	469	1261
SF2805.1.mpg	161	580	2159
SF2612.1.mpg	85	325	801
SF774.1.mpg	45	166	581
SF807.1.mpg	60	198	511
SF801.1.mpg	67	235	706
SF809A.1.mpg	97	307	1190
SF1778B.1.mpg	19	80	247
SF1961.1.mpg	85	767	1453
SF1774B.1.mpg	24	83	295
SF1776C.1.mpg	22	82	314
SF3111B.1.mpg	126	551	1644
SF2614A-F.1.mpg	430	1409	6305
SF776A.1.mpg	38	181	542
SF2627.1.mpg	142	364	1191
SF793.1.mpg	6	5	14
SF776B.1.mpg	65	249	715
SF1779B.1.mpg	22	80	275
SF3111A.1.mpg	99	463	1294
SF1963B.1.mpg	46	266	782
SF808.1.mpg	48	157	551
SF792A.1.mpg	133	353	1234
SF3256A.1.mpg	63	186	728
SF777.1.mpg	14	64	197
SF1773B.1.mpg	24	95	313
SF2616.1.mpg	122	496	1370
SF3256B.1.mpg	57	101	301
SF2391C.1.mpg	2	2	12
SF2391A.1.mpg	11	39	114
SF1450.1.mpg	78	374	1184
SF1479A.1.mpg	92	366	1065
SF1447.1.mpg	51	258	747
SF1463B.1.mpg	68	263	822
SF1470.1.mpg	107	450	1255
SF3107A-B.1.mpg	405	655	2384
SF1467.1.mpg	74	350	924
SF1463A.1.mpg	89	364	1108
SF1468.1.mpg	88	328	954
SF1454.1.mpg	80	265	815
SF3011A-B.1.mpg	276	660	2405
SF1471.1.mpg	37	170	493
SF3012C.1.mpg	128	412	1207
SF3223.1.mpg	100	361	1126
SF1474.1.mpg	73	269	708
SF1469.1.mpg	87	366	1022
SF1473.1.mpg	78	378	1087
SF1451.1.mpg	86	318	1000
SF1466B.1.mpg	14	50	154
SF1478B.1.mpg	5	9	67
SF1460A.1.mpg	25	83	205
SF3008A.1.mpg	121	467	1416
SF1446.1.mpg	108	363	1139
SF2978A-B.1.mpg	116	508	1405
SF1444.1.mpg	65	285	835
SF3012A.1.mpg	98	333	918
SF1448.1.mpg	117	437	1346
SF1461.1.mpg	39	150	430
SF1456.1.mpg	82	324	966
SF1478A.1.mpg	28	197	420
SF2999.1.mpg	92	421	1122
SF1476.1.mpg	72	289	857
SF1443.1.mpg	98	397	1262
SF2838A.1.mpg	45	189	457
SF1477.1.mpg	80	317	946
SF1464.1.mpg	93	388	1119
SF1457.1.mpg	62	232	722
SF1472.1.mpg	113	493	1444
SF3013.1.mpg	198	481	1734
SF1455.1.mpg	90	368	1031
SF1452.1.mpg	108	389	1179
SF3226.1.mpg	67	278	634
SF3008B.1.mpg	118	626	1532
SF1445.1.mpg	61	249	649
SF2838B.1.mpg	36	190	484
SF1462A.1.mpg	94	282	890
SF1465.1.mpg	83	310	960
SF3317B.1.mpg	47	177	442
SF1479B.1.mpg	7	1	11
SF1453.1.mpg	53	207	620
SF1475.1.mpg	67	286	750
SF1449.1.mpg	74	339	965
SF1458.1.mpg	86	318	1003
SF2837B.1.mpg	17	72	170
SF1459.1.mpg	36	187	447
SF1466A.1.mpg	95	387	1052
SF1462B.1.mpg	72	231	830
SF3012B.1.mpg	117	425	1163
SF3317A.1.mpg	34	183	396
SF2837A.1.mpg	17	86	219
SF1479C.1.mpg	60	123	591
SF1442.1.mpg	98	413	1291
SF1118.1.mpg	67	386	1009
SF1123A.1.mpg	48	200	701
SF1129.1.mpg	48	229	699
SF2933.1.mpg	123	406	1423
SF1116B.1.mpg	56	246	776
SF1116C.1.mpg	36	128	418
SF1137B.1.mpg	88	313	1034
SF1137A.1.mpg	66	265	910
SF1122.1.mpg	56	269	770
SF1124A.1.mpg	107	353	1206
SF1134B.1.mpg	82	252	821
SF2957.1.mpg	80	384	1098
SF1117.1.mpg	63	283	896
SF1143B.1.mpg	29	117	347
SF1130A.1.mpg	80	284	899
SF1115C.1.mpg	58	283	811
SF2861.1.mpg	103	789	1671
SF1121.1.mpg	73	229	777
SF1115A.1.mpg	63	241	753
SF1128D.1.mpg	14	39	120
SF2955.1.mpg	53	198	622
SF1128A.1.mpg	76	277	947
SF1136.1.mpg	74	282	910
SF1137C.1.mpg	101	346	1109
SF1133A.1.mpg	84	307	999
SF1116A.1.mpg	24	112	386
SF2821A-B.1.mpg	150	434	1584
SF2937.1.mpg	98	336	1071
SF1130B.1.mpg	87	305	997
SF1139.1.mpg	42	115	495
SF2738.1.mpg	55	198	646
SF1126.1.mpg	152	596	2067
SF1123B.1.mpg	51	190	582
SF1990A-H.1.mpg	463	2222	5557
SF1113D.1.mpg	78	306	965
SF1142.1.mpg	110	507	1627
SF1135A.1.mpg	88	435	1364
SF1135C.1.mpg	78	292	896
SF1135B.1.mpg	50	234	778
SF1119B.1.mpg	98	325	1048
SF1131B.1.mpg	162	399	1235
SF1119A.1.mpg	40	213	626
SF2934.1.mpg	204	493	1603
SF1127A.1.mpg	80	331	1110
SF1114B.1.mpg	64	250	761
SF1119C.1.mpg	27	93	169
SF1140A.1.mpg	67	300	939
SF2951.1.mpg	67	406	794
SF2966.1.mpg	63	174	846
SF1141B.1.mpg	60	279	822
SF1130D.1.mpg	67	213	723
SF1141A.1.mpg	71	229	743
SF2737.1.mpg	73	279	913
SF1132.1.mpg	70	230	702
SF1140B.1.mpg	123	403	1256
SF1134A.1.mpg	59	252	813
SF1138.1.mpg	99	393	1213
SF1116D.1.mpg	57	244	570
SF1128C.1.mpg	48	204	528
SF1127B.1.mpg	46	222	600
SF1113A.1.mpg	50	256	657
SF1115B.1.mpg	60	216	698
SF2783.1.mpg	2	2	11
SF1130C.1.mpg	74	318	937
SF1125.1.mpg	68	279	921
SF1120.1.mpg	38	208	618
SF1131A.1.mpg	54	257	735
SF1128B.1.mpg	43	148	450
SF2943.1.mpg	80	242	712
SF1147B.1.mpg	50	186	573
SF1114A.1.mpg	46	257	735
SF1133.1.mpg	68	267	615
SF2871B.1.mpg	43	259	636
SF3122.1.mpg	32	165	522
SF850C.1 Bok räddas, 1934.mpg	114	302	1089
SF762.1.mpg	12	21	94
SF2726.1.mpg	52	232	666
SF3206.1.mpg	62	333	997
SF2645.1 Se Sverige del 4, 1934.mpg	115	481	1471
SF810.1 Modern reklamfilm 1934.mpg	42	128	359
SF1215-18.1.mpg	191	591	2140
SF1888.1.mpg	39	60	421
SF3344.1.mpg	1	2	16
SF2962A-B.1.mpg	13	14	80
SF2832.1.mpg	61	215	440
SF2666A.1.mpg	51	157	471
SF2855A-C.1.mpg	160	745	1786
SF1005.1 Böckdtröm visar kamera på Liljevalchs, 1939.mpg	58	292	920
SF3204.1 om fotografi UFA 1936.mpg	81	330	960
SF1310A-B.1.mpg	105	445	1125
SF2913.1.mpg	114	615	1535
SF3153.1.mpg	76	304	1134
SF2391B.1.mpg	11	37	107
SF3207.1.Astronomi 1937mpg.mpg	86	372	1218
SF812.1. Göteborgsminnen Sjöfartsmuseet 1934mpg.mpg	65	166	583
SF3205B.1.Atronomi 1935-36mpg.mpg	78	467	1181
SF2836A-E.1.mpg	239	923	2424
SF769C.1 dans england.mpg	44	57	190
SF2793.1.mpg	67	221	483
SF3299.1.mpg	2	1	3
SF944.1Reklamen tjänar samhället, 1937.mpg	33	147	471
SF2635B.1.mpg	128	386	1156
SF1899.1.mpg	68	299	780
SF2891A.1. Åhlen o Holm 1939mpg.mpg	60	269	884
SF1026C.1.mpg	13	76	220
SF2925A-C.1.mpg	221	922	2426
SF2905.1.mpg	72	311	892
SF2682C.1.mpg	40	231	623
SF1028A.1.mpg	33	189	532
SF1020B.1.mpg	52	121	467
SF1010A.1.mpg	30	160	418
SF1024D.1.mpg	2	1	2
SF1259D.1.mpg	42	236	770
SF1037A.1.mpg	45	248	665
SF1031.1.mpg	136	675	1857
SF1038A.1.mpg	33	158	463
SF1027B.1.mpg	32	70	321
SF2881.1.mpg	106	445	1321
SF1032B.1.mpg	31	139	466
SF1027A.1.mpg	56	253	704
SF1013A.1.mpg	80	468	1438
SF1021.1.mpg	54	270	767
SF1042C.1.mpg	1	1	2
SF1014.1.mpg	58	301	877
SF2730.1.mpg	108	354	1099
SF1029.1.mpg	23	135	401
SF1037G.1.mpg	9	44	139
SF1016A.1.mpg	49	264	771
SF1015C.1.mpg	37	112	471
SF1024B.1.mpg	57	225	718
SF2656A.1.mpg	68	205	749
SF2903.1.mpg	82	297	1043
SF2731.1.mpg	108	325	1053
SF1009B.1.mpg	51	178	496
SF1042B.1.mpg	1	1	5
SF1017.1.mpg	64	341	1053
SF2702.1.mpg	99	612	1365
SF2684.1.mpg	57	289	825
SF2682B.1.mpg	50	302	687
SF2877.1.mpg	104	405	1351
SF2904A.1.mpg	145	436	1411
SF1025A.1.mpg	67	340	1001
SF2788.1.mpg	22	97	252
SF2678.1.mpg	45	195	555
SF1030.1.mpg	35	162	476
SF2813.1.mpg	156	617	2150
SF2890.1.mpg	30	132	419
SF1040.1.mpg	26	147	410
SF2682A.1.mpg	70	397	962
SF1018.1.mpg	31	150	557
SF1028B.1.mpg	40	128	457
SF2917.1.mpg	77	439	1064
SF2922.1.mpg	108	423	1413
SF1037F.1.mpg	12	17	23
SF1026B.1.mpg	86	211	760
SF2975.1.mpg	53	185	586
SF2887.1.mpg	88	240	1037
SF1024C.1.mpg	73	217	856
SF1921.1.mpg	101	247	1504
SF1023A.1.mpg	38	232	729
SF2686.1.mpg	54	288	844
SF2690.1.mpg	100	513	1354
SF2787.1.mpg	57	86	579
SF2896.1.mpg	67	328	957
SF2909A-B.1.mpg	161	763	2427
SF2902.1.mpg	114	561	1813
SF1025C.1.mpg	11	56	190
SF1039A.1.mpg	57	231	689
SF1009A.1.mpg	34	219	611
SF1028C.1.mpg	6	1	7
SF1006.1.mpg	60	329	1011
SF1010B.1.mpg	150	307	1020
SF1025B.1.mpg	119	404	1341
SF2889.1.mpg	75	281	911
SF1025D.1.mpg	50	263	680
SF1024A.1.mpg	43	226	710
SF2717.1.mpg	53	240	790
SF2797.1.mpg	84	328	1227
SF1022.1.mpg	84	408	1257
SF1019.1.mpg	54	279	790
SF1962.1.mpg	111	576	1629
SF2901A.1.mpg	89	351	994
SF2977.1.mpg	71	306	895
SF1036.1.mpg	60	321	962
SF2886.1.mpg	85	435	1288
SF1037D.1.mpg	86	241	1027
SF2894.1.mpg	59	257	905
SF2718.1.mpg	111	470	1423
SF2880.1.mpg	44	208	660
SF1007.1.mpg	31	203	605
SF1020A.1.mpg	32	189	601
SF1041A.1.mpg	35	145	454
SF1015A.1.mpg	27	141	438
SF2923.1.mpg	100	347	1107
SF3321.1.mpg	1	1	4
SF1035.1.mpg	28	167	471
SF1012.1.mpg	33	201	607
SF1042A.1.mpg	28	112	360
SF2798.1.mpg	103	308	1269
SF2901B.1.mpg	79	373	967
SF2683.1.mpg	32	157	391
SF1032A.1.mpg	47	284	686
SF1008.1.mpg	32	163	483
SF1011.1.mpg	19	117	306
SF2907.1.mpg	88	375	1209
SF1034.1.mpg	52	198	567
SF1033.1.mpg	89	430	1250
SF2685.1.mpg	134	533	1638
SF2910.1.mpg	134	356	1290
SF1027C.1.mpg	78	278	1084
SF1013B.1.mpg	21	84	248
SF1016B.1.mpg	44	146	447
SF1015B.1.mpg	2	1	5
SF1039B.1.mpg	40	188	454
SF2901C.1.mpg	78	440	1113
SF1037C.1.mpg	67	283	699
SF1026A.1.mpg	55	254	725
SF2729.1.mpg	96	382	1112
SF2927.1.mpg	1	0	2
SF2888.1.mpg	86	330	1274
SF1326A.1.mpg	136	549	1548
SF1358.1.mpg	51	207	631
SF1338.1.mpg	24	122	354
SF2825A.1.mpg	82	341	960
SF1332.1.mpg	76	241	738
SF1345.1.mpg	101	442	1303
SF2803.1.mpg	119	683	1674
SF1333.1.mpg	97	381	1207
SF1328A.1.mpg	101	423	1166
SF1342B.1.mpg	51	186	675
SF1347.1.mpg	94	349	1051
SF1329.1.mpg	112	389	1276
SF1320.1.mpg	89	378	1197
SF1354.1.mpg	66	279	859
SF1349.1.mpg	59	276	792
SF1353.1.mpg	58	275	788
SF1322.1.mpg	100	357	1155
SF2959.1.mpg	17	75	146
SF2825B.1.mpg	96	310	962
SF1351.1.mpg	48	217	601
SF1352.1.mpg	74	353	1072
SF2804.1.mpg	106	566	1644
SF1355.1.mpg	48	244	656
SF1323A.1.mpg	21	86	225
SF1341.1.mpg	8	44	91
SF1344.1.mpg	74	334	936
SF1336.1.mpg	35	178	482
SF3009A-D.1.mpg	301	1471	4177
SF1327.1.mpg	108	447	1284
SF1339.1.mpg	56	215	651
SF1324.1.mpg	31	146	435
SF1346A.1.mpg	67	264	757
SF1335.1.mpg	109	205	539
SF1334.1.mpg	113	443	1305
SF3001.1.mpg	58	289	537
SF1342A.1.mpg	89	367	1036
SF1357.1.mpg	53	264	777
SF1321.1.mpg	87	346	1096
SF1331.1.mpg	119	529	1619
SF2988.1.mpg	48	218	631
SF1350.1.mpg	81	321	1018
SF1359.1.mpg	66	174	573
SF1361.1.mpg	39	171	525
SF1348.1.mpg	67	355	953
SF2845.1.mpg	103	530	1296
SF1330.1.mpg	87	293	999
SF1323C.1.mpg	31	153	305
SF3006.1.mpg	106	409	1383
SF1325.1.mpg	89	400	1126
SF1323B.1.mpg	53	258	648
SF1328B.1.mpg	62	264	865
SF1356.1.mpg	40	186	527
SF1337.1.mpg	31	121	383
SF1360.1.mpg	81	286	947
SF3308.1.mpg	19	24	78
SF3309A.1.mpg	50	198	547
SF3309B.1.mpg	28	66	204
SF3309C.1.mpg	15	13	117
SF1849.1.mpg	60	241	909
SF1848.1.mpg	83	313	1030
SF1858.1.mpg	53	206	667
SF1850.1.mpg	63	256	872
SF1852.1.mpg	66	272	928
SF1866A.1.mpg	39	182	524
SF1846.1.mpg	67	293	913
SF1851.1.mpg	48	199	695
SF1855.1.mpg	55	181	623
SF1853.1.mpg	63	231	807
SF1844.1.mpg	109	355	1076
SF1860A.1.mpg	68	219	815
SF1854.1.mpg	53	278	809
SF1845.1.mpg	59	238	825
SF1857A.1.mpg	61	286	517
SF1859A-B.1.mpg	86	405	1190
SF1856.1.mpg	69	294	936
SF1847A.1.mpg	92	336	1058
SF3152.1.mpg	88	452	1172
SF886.1.mpg	56	218	676
SF879A.1.mpg	50	225	726
SF2660A.1.mpg	57	270	823
SF871C.1.mpg	2	1	2
SF849.1.mpg	95	328	1026
SF3158.1.mpg	33	187	530
SF850A.1.mpg	8	19	18
SF3155.1.mpg	88	358	1118
SF867A.1.mpg	14	40	124
SF881A.1.mpg	34	172	533
SF853A.1.mpg	38	142	428
SF2663.1.mpg	40	170	472
SF2819.1.mpg	106	393	1137
SF883.1.mpg	76	251	869
SF2573D.1.mpg	59	203	610
SF3137.1.mpg	78	329	1029
SF866D.1.mpg	47	229	725
SF2649.1.mpg	95	366	1258
SF3162.1.mpg	269	476	1644
SF2659D.1.mpg	83	79	292
SF3161A-C.1.mpg	34	157	470
SF863B.1.mpg	14	28	140
SF2659B.1.mpg	33	220	618
SF877A.1.mpg	31	140	433
SF3205A.1.mpg	82	411	982
SF872.1.mpg	95	414	1202
SF2699.1.mpg	75	429	1153
SF3187.1.mpg	57	357	955
SF857.1.mpg	102	305	1042
SF869B.1.mpg	22	18	84
SF2698.1.mpg	48	345	928
SF3144.1.mpg	15	48	169
SF3134.1.mpg	61	297	933
SF855B.1.mpg	103	493	1229
SF869A.1.mpg	98	444	1339
SF864A.1.mpg	113	339	1340
SF878A.1.mpg	60	230	780
SF2660B.1.mpg	28	85	250
SF855A.1.mpg	73	284	882
SF874.1.mpg	74	283	920
SF2584.1.mpg	93	298	938
SF871A.1.mpg	53	192	756
SF881B.1.mpg	5	13	43
SF2659C.1.mpg	34	25	172
SF2659A.1.mpg	11	8	34
SF863A.1.mpg	56	419	1036
SF1843.1.mpg	64	282	879
SF3178.1.mpg	11	21	91
SF2688.1.mpg	132	674	1873
SF3130.1.mpg	127	251	1067
SF868B.1.mpg	1	2	7
SF862.1.mpg	98	304	994
SF878C.1.mpg	30	120	368
SF861A.1.mpg	74	190	772
SF884A.1.mpg	68	291	750
SF2892.1.mpg	83	385	1126
SF2662.1.mpg	141	378	1293
SF866A.1.mpg	33	98	413
SF3105.1.mpg	112	423	1325
SF865B.1.mpg	10	12	53
SF3142.1.mpg	60	252	781
SF876B.1.mpg	75	326	893
SF878B.1.mpg	27	76	283
SF3151.1.mpg	169	447	1495
SF875B.1.mpg	26	80	254
SF924B.1.mpg	88	377	946
SF880.1.mpg	20	114	337
SF861B.1.mpg	56	273	815
SF879C.1.mpg	53	155	529
SF871B.1.mpg	18	57	148
SF853B.1.mpg	1	5	25
SF3156.1.mpg	53	294	775
SF2655.1.mpg	132	326	1434
SF882B.1.mpg	48	160	675
SF2661C.1.mpg	54	207	513
SF3141.1.mpg	80	348	1088
SF3154.1.mpg	83	271	950
SF868A.1.mpg	17	120	275
SF3138.1.mpg	45	263	663
SF877B.1.mpg	47	178	606
SF2661A.1.mpg	19	47	155
SF3143.1.mpg	55	206	621
SF852.1.mpg	2	0	6
SF873.1.mpg	101	424	1186
SF884B.1.mpg	68	244	815
SF3157.1.mpg	63	286	1030
SF3139.1.mpg	3	0	8
SF2786.1.mpg	45	211	650
SF876C.1.mpg	92	313	840
SF885B.1.mpg	28	56	215
SF876A.1.mpg	37	132	375
SF850B.1.mpg	55	205	602
SF1883.1.mpg	33	199	443
SF885A.1.mpg	47	206	592
SF859.1.mpg	33	88	332
SF858.1.mpg	52	193	618
SF879B.1.mpg	82	304	945
SF887.1.mpg	84	351	1092
SF851.1.mpg	36	181	484
SF3148.1.mpg	101	479	1334
SF2998A-F.1.mpg	551	597	3215
SF3191.1.mpg	117	280	881
SF3179.1.mpg	72	380	1106
SF866C.1.mpg	16	38	105
SF866B.1.mpg	88	382	1198
SF879E.1.mpg	15	5	38
SF2952.1.mpg	83	343	1069
SF854.1.mpg	96	278	891
SF3182.1.mpg	79	357	958
SF879D.1.mpg	16	4	39
SF2695.1.mpg	73	318	814
SF856.1.mpg	22	118	330
SF870.1.mpg	55	289	865
SF882A.1.mpg	39	188	542
SF860.1.mpg	51	223	663
SF865A.1.mpg	23	107	308
SF875A.1.mpg	54	168	563
SF1070.1.mpg	51	273	747
SF2691.1.mpg	111	561	1446
SF1055E.1.mpg	14	29	99
SF1051.1.mpg	27	170	438
SF1076.1.mpg	32	124	425
SF2715.1.mpg	55	327	888
SF1080.1.mpg	79	327	1114
SF1061A.1.mpg	56	250	731
SF1072A.1.mpg	41	225	617
SF1059B.1.mpg	39	88	410
SF2714.1.mpg	107	391	1273
SF1063A.1.mpg	74	448	1176
SF1052A.1.mpg	60	325	879
SF2911B.1.mpg	55	256	664
SF1050.1.mpg	60	279	812
SF1879.1.mpg	101	487	1421
SF2708.1.mpg	114	524	1389
SF2723.1.mpg	88	421	1090
SF1066.1.mpg	30	147	486
SF1989A.1.mpg	8	16	59
SF1072B.1.mpg	12	53	151
SF1053B.1.mpg	39	155	459
SF1048A.1.mpg	41	220	648
SF1043C.1.mpg	71	251	918
SF2728.1.mpg	75	312	971
SF1059A.1.mpg	44	207	595
SF2911A.1.mpg	64	175	580
SF1068.1.mpg	30	163	478
SF2704.1.mpg	52	205	613
SF2712.1.mpg	150	459	1536
SF1047.1.mpg	154	401	1277
SF1058.1.mpg	26	128	392
SF1045C.1.mpg	32	126	450
SF1063C.1.mpg	30	155	424
SF1054.1.mpg	52	257	792
SF3209.1.mpg	150	508	1800
SF1077.1.mpg	28	117	367
SF1065.1.mpg	50	229	656
SF1055D.1.mpg	1	0	4
SF1064B.1.mpg	40	192	527
SF1045A.1.mpg	34	183	491
SF1048B.1.mpg	89	316	1097
SF1069.1.mpg	69	314	856
SF1067.1.mpg	23	118	344
SF2719.1.mpg	79	275	782
SF1053A.1.mpg	55	205	677
SF1027D.1.mpg	58	227	626
SF1061C.1.mpg	23	110	291
SF1057A.1.mpg	25	142	386
SF2706.1.mpg	100	376	1032
SF1043A.1.mpg	7	59	141
SF1073A.1.mpg	91	413	1276
SF1057B.1.mpg	4	3	25
SF2727.1.mpg	70	344	995
SF2725.1.mpg	18	22	164
SF1049A.1.mpg	20	121	328
SF3224.1.mpg	61	315	934
SF1072D.1.mpg	44	243	729
SF1046.1.mpg	16	90	260
SF1045B.1.mpg	2	8	28
SF1055A.1.mpg	47	214	631
SF2713.1.mpg	86	316	1115
SF1074.1.mpg	96	305	992
SF1052B.1.mpg	29	87	185
SF1075.1.mpg	62	278	931
SF1056.1.mpg	33	157	450
SF1989B.1.mpg	4	12	38
SF2700.1.mpg	77	349	1074
SF1071A.1.mpg	54	297	776
SF2707.1.mpg	87	361	1057
SF1064A.1.mpg	28	161	441
SF2711.1.mpg	109	690	1700
SF1055C.1.mpg	86	305	842
SF3104.1.mpg	190	523	1628
SF2716.1.mpg	93	501	1310
SF2710.1.mpg	90	421	1145
SF1071B.1.mpg	34	155	313
SF2709.1.mpg	54	189	634
SF1044.1.mpg	31	168	484
SF1060.1.mpg	65	306	866
SF1055B.1.mpg	81	173	1005
SF2705.1.mpg	84	398	1112
SF906.1.mpg	52	140	429
SF926A.1.mpg	11	57	169
SF923.1.mpg	20	126	379
SF2653G.1.mpg	63	93	255
SF2971.1.mpg	103	648	1588
SF895.1.mpg	39	157	577
SF3198.1.mpg	117	468	1327
SF891C.1.mpg	51	266	801
SF2963.1.mpg	124	824	1862
SF891E.1.mpg	35	225	505
SF2919.1.mpg	50	216	639
SF3172A.1.mpg	119	265	999
SF2982B.1.mpg	95	303	1118
SF912B.1.mpg	20	16	109
SF918B.1.mpg	30	67	203
SF3180.1.mpg	70	377	1044
SF919A.1.mpg	49	251	711
SF2697.1.mpg	89	338	959
SF2650D.1.mpg	7	3	23
SF919B.1.mpg	21	43	219
SF889B.1.mpg	39	83	426
SF2653A.1.mpg	2	0	3
SF2658.1.mpg	87	379	1149
SF3202.1.mpg	121	374	1273
SF3196.1.mpg	95	374	1359
SF3149.1.mpg	67	282	849
SF2650B.1.mpg	23	110	329
SF3171C.1.mpg	36	230	520
SF3040A.1.mpg	59	106	357
SF896B.1.mpg	98	157	560
SF3164.1.mpg	74	338	771
SF3126.1.mpg	12	65	185
SF891D.1.mpg	32	168	413
SF2973.1.mpg	22	109	286
SF901A.1.mpg	48	188	545
SF900B.1.mpg	41	174	468
SF2811.1.mpg	69	397	1278
SF2650E.1.mpg	18	46	111
SF3171B.1.mpg	31	177	425
SF897.1.mpg	37	208	614
SF920.1.mpg	38	198	703
SF3172C.1.mpg	106	306	934
SF905A.1.mpg	55	227	807
SF909A.1.mpg	52	263	822
SF945H.1.mpg	10	9	31
SF902A.1.mpg	32	172	416
SF893.1.mpg	35	153	519
SF905B.1.mpg	17	36	152
SF918A.1.mpg	15	93	255
SF2652B.1.mpg	2	1	6
SF2635A.1.mpg	79	250	719
SF894.1.mpg	72	333	984
SF2814.1.mpg	126	330	1116
SF2871A.1.mpg	50	208	495
SF909E.1.mpg	57	316	923
SF2801.1.mpg	63	218	403
SF2795.1.mpg	33	112	373
SF912A.1.mpg	133	325	1055
SF891B.1.mpg	21	30	173
SF907B.1.mpg	75	430	1106
SF2650A.1.mpg	61	231	749
SF890.1.mpg	91	354	1085
SF3160.1.mpg	186	439	1782
SF922.1.mpg	60	191	680
SF3181.1.mpg	51	319	891
SF892A.1.mpg	28	113	401
SF1861.1.mpg	123	371	1038
SF3190A.1.mpg	65	254	810
SF3173.1.mpg	38	199	468
SF2653C.1.mpg	57	71	243
SF914A.1.mpg	48	191	663
SF2652A.1.mpg	3	3	8
SF908E.1.mpg	68	290	926
SF3199.1.mpg	115	374	1194
SF888.1.mpg	55	288	884
SF3290.1.mpg	53	247	762
SF3147.1.mpg	81	253	969
SF2972.1.mpg	94	445	1133
SF3197.1.mpg	1	1	1
SF2918.1.mpg	5	18	56
SF915B.1.mpg	20	50	316
SF3190B.1.mpg	42	181	519
SF3171A.1.mpg	32	175	365
SF3145.1.mpg	79	354	1069
SF921.1.mpg	15	113	294
SF2969.1.mpg	137	421	1976
SF899B.1.mpg	63	212	725
SF3163.1.mpg	12	34	132
SF1978B.1.mpg	75	301	955
SF900A.1.mpg	38	157	446
SF919C.1.mpg	29	47	306
SF892B.1.mpg	78	268	989
SF2968.1.mpg	112	484	1506
SF2651A-G.1.mpg	188	397	1273
SF915A.1.mpg	28	127	413
SF3168.1.mpg	213	482	1789
SF2653H.1.mpg	97	110	367
SF3172B.1.mpg	212	358	1585
SF915C.1.mpg	39	58	113
SF924A.1.mpg	41	155	560
SF2653J.1.mpg	52	63	247
SF3201.1.mpg	56	270	832
SF899A.1.mpg	99	426	1223
SF2974.1.mpg	50	225	657
SF902B.1.mpg	94	303	1073
SF898.1.mpg	105	277	974
SF3150.1.mpg	45	191	783
SF2870.1.mpg	62	279	686
SF908A.1.mpg	92	346	1112
SF914B.1.mpg	72	244	706
SF2653D.1.mpg	51	80	224
SF891A.1.mpg	117	391	1190
SF910A.1.mpg	38	172	450
SF2619.1.mpg	2	2	6
SF925B.1.mpg	29	85	288
SF896A.1.mpg	90	303	1012
SF2970.1.mpg	84	451	1090
SF2653F.1.mpg	84	104	299
SF917.1.mpg	70	237	825
SF891F.1.mpg	7	4	21
SF3159.1.mpg	131	528	1542
SF904.1.mpg	19	74	277
SF2653I.1.mpg	122	191	648
SF911.1.mpg	34	160	474
SF925A.1.mpg	42	252	688
SF910C.1.mpg	11	15	71
SF913.1.mpg	98	88	321
SF903.1.mpg	15	72	211
SF916B.1.mpg	95	523	1479
SF908D.1.mpg	70	273	872
SF2653E.1.mpg	75	90	301
SF916A.1.mpg	24	120	317
SF2869.1.mpg	64	273	660
SF3094.1.mpg	53	227	690
SF2672.1.mpg	91	342	1070
SF889A.1.mpg	60	292	882
SF907A.1.mpg	97	462	1340
SF1978A.1.mpg	53	368	731
SF2696.1.mpg	80	345	1105
SF910B.1.mpg	10	11	33
SF821.1.mpg	49	164	462
SF2859.1.mpg	53	106	359
SF3266B.1.mpg	118	210	624
SF826A.1.mpg	35	35	93
SF2785.1.mpg	31	85	317
SF2667.1.mpg	54	177	527
SF841B.1.mpg	24	110	403
SF1825.1.mpg	81	269	789
SF2599.1.mpg	43	187	559
SF2639.1.mpg	76	255	762
SF3266C.1.mpg	91	374	1125
SF827A.1.mpg	152	457	1378
SF840.1.mpg	47	193	583
SF3118.1.mpg	167	483	1900
SF3266A.1.mpg	129	181	786
SF3127.1.mpg	60	210	677
SF847A.1.mpg	58	194	744
SF2762.1.mpg	11	9	79
SF825.1.mpg	84	312	912
SF817.1.mpg	67	223	677
SF3129.1.mpg	73	170	724
SF823.1.mpg	41	225	593
SF3128.1.mpg	96	382	1124
SF2643.1.mpg	98	415	1175
SF2620.1.mpg	90	451	1221
SF2694.1.mpg	135	441	1220
SF3120.1.mpg	179	589	1893
SF3132.1.mpg	100	243	881
SF820.1.mpg	26	59	171
SF1877C.1.mpg	53	345	849
SF845.1.mpg	19	62	181
SF2648.1.mpg	149	458	1602
SF3119.1.mpg	135	424	1376
SF836.1.mpg	37	150	439
SF2630A.1.mpg	26	72	131
SF3124.1.mpg	60	276	804
SF2630C.1.mpg	10	8	24
SF848C.1.mpg	81	271	852
SF846.1.mpg	37	125	569
SF815.1.mpg	60	349	830
SF2624.1.mpg	60	240	623
SF3188.1.mpg	85	354	1103
SF816A.1.mpg	61	250	684
SF835.1.mpg	71	356	971
SF3140.1.mpg	40	264	699
SF824.1.mpg	91	371	1043
SF831.1.mpg	29	221	582
SF2621.1.mpg	45	191	513
SF2638A.1.mpg	139	481	1449
SF816B.1.mpg	24	64	167
SF811B.1.mpg	30	108	358
SF2647.1.mpg	111	402	1263
SF829A.1.mpg	57	313	779
SF828C.1.mpg	40	182	506
SF3125.1.mpg	119	338	1031
SF2630B.1.mpg	12	5	31
SF848A.1.mpg	119	409	1322
SF2623A.1.mpg	164	705	1857
SF3135.1.mpg	77	285	833
SF848B.1.mpg	75	232	734
SF811A.1.mpg	19	23	89
SF2633.1.mpg	140	370	1354
SF819.1.mpg	74	234	712
SF829B.1.mpg	8	41	114
SF2790.1.mpg	3	34	15
SF2646.1.mpg	123	388	1293
SF813.1.mpg	80	224	866
SF2693.1.mpg	52	259	817
SF841A.1.mpg	61	358	1105
SF2641.1.mpg	80	315	933
SF3066.1.mpg	108	411	1514
SF2625.1.mpg	91	465	1197
SF908B.1.mpg	19	45	132
SF844A.1.mpg	16	44	168
SF3136.1.mpg	24	62	330
SF834.1.mpg	22	124	309
SF3189.1.mpg	131	468	1388
SF839A.1.mpg	28	101	257
SF3052C.1.mpg	102	530	1500
SF2601.1.mpg	98	348	1339
SF2603.1.mpg	26	21	85
SF757A.1.mpg	5	16	86
SF751.1.mpg	9	144	198
SF3260.1.mpg	27	93	307
SF3052A.1.mpg	92	431	1187
SF759.1.mpg	82	304	896
SF752A.1.mpg	3	1	9
SF3059.1.mpg	58	115	378
SF1964A-B.1.mpg	97	504	1043
SF744A.1.mpg	86	159	590
SF2606.1.mpg	78	300	793
SF766.1.mpg	89	330	847
SF769F.1.mpg	8	3	16
SF2605A-B.1.mpg	117	457	1202
SF753A.1.mpg	38	305	495
SF2600.1.mpg	20	41	149
SF768A.1.mpg	14	15	72
SF749.1.mpg	20	72	265
SF764A-B.1.mpg	102	565	1302
SF740.1.mpg	38	151	365
SF739A.1.mpg	37	100	237
SF767.1.mpg	117	349	1064
SF769H.1.mpg	15	18	128
SF763.1.mpg	101	198	706
SF769A.1.mpg	95	353	1068
SF737.1.mpg	53	147	463
SF765.1.mpg	14	6	20
SF2597A-C.1.mpg	229	1158	2895
SF2598B.1.mpg	52	273	670
SF3057.1.mpg	163	772	2055
SF3052D.1.mpg	93	459	1258
SF3052B.1.mpg	110	496	1241
SF1960.1.mpg	54	424	703
SF754.1.mpg	27	111	211
SF736.1.mpg	67	127	439
SF2595A-C.1.mpg	118	256	1119
SF770A.1.mpg	14	23	117
SF769D.1.mpg	21	53	153
SF745.1.mpg	34	154	314
SF770B.1.mpg	30	20	111
SF748.1.mpg	109	217	808
SF1959.1.mpg	83	576	993
SF2596A-B.1.mpg	122	326	982
SF761.1.mpg	42	140	452
SF2607.1.mpg	33	72	276
SF747.1.mpg	18	47	191
SF769G.1.mpg	28	48	172
SF2668.1.mpg	115	457	1291
SF769B.1.mpg	2	0	3
SF769E.1.mpg	7	10	48
SF764C.1.mpg	68	217	697
SF2554.1.mpg	97	300	1137
SF758.1.mpg	23	61	195
SF2925F.1.mpg	48	302	618
SF708A.1.mpg	54	50	215
SF723B.1.mpg	25	28	153
SF2561.1.mpg	25	69	206
SF2608.1.mpg	36	23	145
SF709A.1.mpg	65	494	1198
SF3053B.1.mpg	1	0	1
SF715.1.mpg	1	0	3
SF3054.1.mpg	39	49	175
SF710.1.mpg	76	466	992
SF2563.1.mpg	102	173	613
SF3053A.1.mpg	16	101	189
SF716A.1.mpg	32	231	421
SF714.1.mpg	48	320	715
SF718.1.mpg	11	26	101
SF713.1.mpg	37	166	558
SF733.1.mpg	39	45	265
SF2767.1.mpg	20	21	106
SF723A.1.mpg	9	4	37
SF721.1.mpg	14	41	80
SF711.1.mpg	13	18	84
SF2562B.1.mpg	12	23	34
SF2564.1.mpg	15	54	187
SF727.1.mpg	61	109	355
SF3056.1.mpg	166	799	2004
SF2562A.1.mpg	37	23	102
SF705.1.mpg	10	105	151
SF722.1.mpg	2	3	12
SF730.1.mpg	1	0	2
SF3047.1.mpg	7	66	93
SF3058.1.mpg	188	469	1479
SF729A.1.mpg	14	79	278
SF2560.1.mpg	32	243	493
SF717A.1.mpg	38	149	469
SF712.1.mpg	17	120	208
SF707.1.mpg	53	176	492
SF3233A.1.mpg	63	277	698
SF2167A-B.1.mpg	136	541	1347
SF3233B.1.mpg	59	237	589
SF2064A.1.mpg	80	330	915
SF2064B.1.mpg	60	261	645
SF1422.1.mpg	52	242	587
SF1424.1.mpg	127	407	1356
SF1403.1.mpg	70	289	885
SF1426.1.mpg	117	392	1443
SF1414.1.mpg	50	168	524
SF1407A.1.mpg	123	440	1396
SF1433.1.mpg	55	217	698
SF1415.1.mpg	72	285	880
SF1409.1.mpg	111	491	1495
SF1407B.1.mpg	77	260	727
SF1405.1.mpg	78	337	1042
SF2993.1.mpg	110	538	1358
SF1428.1.mpg	75	296	812
SF1884.1.mpg	101	404	1307
SF1431A.1.mpg	93	358	1068
SF1434.1.mpg	64	298	788
SF1406.1.mpg	82	342	1091
SF1419.1.mpg	71	258	806
SF1423.1.mpg	111	500	1399
SF1429.1.mpg	94	340	968
SF1413.1.mpg	101	344	1008
SF1412.1.mpg	63	229	744
SF1870B.1.mpg	114	498	1428
SF1441.1.mpg	87	360	1022
SF1421.1.mpg	141	296	1637
SF1410.1.mpg	64	227	760
SF1438.1.mpg	67	212	659
SF1408A.1.mpg	127	455	1398
SF3007A-C.1.mpg	189	523	2435
SF3102.1.mpg	80	243	708
SF1420.1.mpg	62	342	821
SF2991.1.mpg	78	450	1122
SF1425.1.mpg	82	310	943
SF1417.1.mpg	70	318	919
SF1404.1.mpg	95	348	1110
SF2828.1.mpg	83	482	1278
SF1427.1.mpg	126	529	1531
SF3015A.1.mpg	78	320	839
SF2992.1.mpg	71	326	791
SF1431B.1.mpg	15	54	148
SF1411.1.mpg	118	427	1346
SF1416.1.mpg	97	402	1187
SF1432.1.mpg	131	546	1649
SF1870A.1.mpg	78	364	1019
SF3314.1.mpg	6	4	14
SF2994.1.mpg	128	526	1326
SF2840.1.mpg	97	255	989
SF1437.1.mpg	72	302	995
SF3015B.1.mpg	46	97	331
SF1408B.1.mpg	92	288	988
SF1402.1.mpg	75	255	830
SF1439.1.mpg	42	209	657
SF1435.1.mpg	70	339	928
SF1430.1.mpg	71	279	815
SF1436.1.mpg	55	241	610
SF1418.1.mpg	70	289	890
SF2208.1.mpg	1	0	2
SF1866B.1.mpg	91	288	842
SF3234.1.mpg	2	1	8
SF3267.1.mpg	81	129	698
SF2480A.1.mpg	1	0	1
SF1799.1.mpg	85	258	920
SF1774A.1.mpg	87	309	1001
SF1786.1.mpg	69	304	897
SF1783A.1.mpg	46	170	502
SF1800.1.mpg	113	443	1384
SF1769.1.mpg	72	298	882
SF1772A.1.mpg	116	470	1424
SF1792.1.mpg	43	162	549
SF1784A.1.mpg	64	249	712
SF1791.1.mpg	83	334	1204
SF1781A.1.mpg	61	230	767
SF1797.1.mpg	78	271	887
SF2856A-B.1.mpg	131	638	1638
SF1803.1.mpg	49	210	654
SF1771.1.mpg	49	210	733
SF1773A.1.mpg	85	281	1021
SF1801.1.mpg	72	274	891
SF1794.1.mpg	79	340	926
SF1793.1.mpg	102	430	1290
SF1780C.1.mpg	71	244	827
SF1780A.1.mpg	111	375	1322
SF1796.1.mpg	96	335	1028
SF1776B.1.mpg	73	245	655
SF1789A.1.mpg	104	354	1088
SF1767A.1.mpg	75	299	1020
SF1805.1.mpg	96	356	1232
SF1788A.1.mpg	66	287	1005
SF1776A.1.mpg	80	213	733
SF1785.1.mpg	49	163	553
SF1790.1.mpg	75	251	860
SF1768.1.mpg	85	284	1013
SF1806.1.mpg	116	398	1335
SF1779A.1.mpg	64	287	747
SF1787.1.mpg	78	288	950
SF3345.1.mpg	34	175	327
SF1788B-C.1.mpg	286	783	2007
SF1780B.1.mpg	100	356	1177
SF1775A.1.mpg	91	293	1052
SF1777.1.mpg	71	349	919
SF1770.1.mpg	103	457	1339
SF1795.1.mpg	96	313	1048
SF1798.1.mpg	77	301	1053
SF1804.1.mpg	73	260	980
SF1778A.1.mpg	69	305	788
SF1802.1.mpg	66	231	857
SF1812.1.mpg	111	348	1219
SF2195.1.mpg	29	127	403
SF2196.1.mpg	108	518	1164
SF3227A.1.mpg	70	324	929
SF3342A.1.mpg	43	155	345
SF3342B.1.mpg	54	258	575
SF3310.1.mpg	107	458	1181
SF2834.1.mpg	137	553	1535
SF2221A-J.1.mpg	637	2424	6537
SF3227B.1.mpg	24	156	340
SF3342C.1.mpg	21	64	113
SF1864.1.mpg	87	256	754
SF1128E.1.mpg	90	339	994
SF2732.1.mpg	143	604	1671
SF1185.1.mpg	63	274	806
SF1151.1.mpg	70	279	874
SF1147C.1.mpg	12	47	141
SF1166.1.mpg	14	77	209
SF1152.1.mpg	127	489	1624
SF2935A-B.1.mpg	161	663	2131
SF1180.1.mpg	112	542	1671
SF1143A.1.mpg	44	172	557
SF2939.1.mpg	53	223	702
SF1181A.1.mpg	94	314	996
SF1177.1.mpg	37	236	654
SF1174.1.mpg	112	374	1204
SF2862.1.mpg	86	386	995
SF1155.1.mpg	64	228	832
SF2942.1.mpg	20	18	113
SF1153.1.mpg	83	358	1182
SF1184.1.mpg	100	429	1303
SF1164.1.mpg	35	183	554
SF1162B.1.mpg	99	322	1149
SF1172.1.mpg	72	321	969
SF1173.1.mpg	102	418	1268
SF1885A-B.1.mpg	83	286	1088
SF1160.1.mpg	105	424	1463
SF1147A.1.mpg	61	371	926
SF1885D.1.mpg	51	180	615
SF2745.1.mpg	55	316	799
SF1159B.1.mpg	107	348	1115
SF1190.1.mpg	43	282	801
SF1154.1.mpg	50	253	607
SF1188A.1.mpg	90	513	1265
SF1149.1.mpg	71	226	755
SF1145A.1.mpg	61	311	917
SF1150.1.mpg	83	390	1374
SF1885E.1.mpg	45	143	614
SF1167.1.mpg	38	192	637
SF1191B.1.mpg	58	201	695
SF1176D.1.mpg	39	91	234
SF1176A.1.mpg	76	362	1049
SF1157.1.mpg	88	433	1315
SF2940.1.mpg	67	316	950
SF1189.1.mpg	87	451	1230
SF1188B.1.mpg	97	352	1058
SF1885C.1.mpg	17	40	236
SF1176B.1.mpg	1	0	1
SF1156.1.mpg	67	317	1010
SF1181B.1.mpg	90	315	1102
SF1162A.1.mpg	30	177	570
SF2855D.1.mpg	53	219	649
SF1168.1.mpg	49	226	690
SF2945.1.mpg	69	244	788
SF1145B.1.mpg	69	237	774
SF1183.1.mpg	75	385	1136
SF2848.1.mpg	80	547	1289
SF1161.1.mpg	65	326	971
SF1146.1.mpg	68	341	1042
SF1158.1.mpg	110	347	1332
SF1191A.1.mpg	66	336	1014
SF3002.1.mpg	149	819	2220
SF2849.1.mpg	114	328	921
SF1175.1.mpg	39	199	641
SF1179.1.mpg	51	336	968
SF1148.1.mpg	100	443	1364
SF1170.1.mpg	26	162	466
SF1186.1.mpg	89	533	1551
SF1163.1.mpg	9	24	98
SF2743B.1.mpg	34	44	264
SF1169.1.mpg	32	178	499
SF1187.1.mpg	105	347	1098
SF1159A.1.mpg	66	299	913
SF1182B.1.mpg	1	0	1
SF2944.1.mpg	125	510	1529
SF1171A.1.mpg	73	299	992
SF1178.1.mpg	136	671	2003
SF1144.1.mpg	95	457	1364
SF1182A.1.mpg	99	557	1656
SF1165B.1.mpg	44	172	525
SF1176E.1.mpg	38	143	358
SF1165A.1.mpg	30	153	450
SF1876A-B.1.mpg	140	657	1648
SF1659.1.mpg	78	363	1106
SF1658.1.mpg	102	449	1423
SF1664.1.mpg	72	368	1070
SF1657A.1.mpg	105	383	1241
SF1661.1.mpg	123	471	1570
SF1655.1.mpg	117	470	1440
SF1663.1.mpg	106	428	1372
SF1660A.1.mpg	100	413	1286
SF1669.1.mpg	64	328	905
SF1674.1.mpg	97	325	1127
SF1668.1.mpg	71	256	807
SF1685.1.mpg	47	209	504
SF1657B.1.mpg	99	324	925
SF1654.1.mpg	79	299	894
SF1656A.1.mpg	139	476	1574
SF1662.1.mpg	109	505	1472
SF1651.1.mpg	102	439	1284
SF1679.1.mpg	104	419	1348
SF1687.1.mpg	87	334	1298
SF1676.1.mpg	94	360	1114
SF1683A.1.mpg	91	444	1202
SF1681.1.mpg	86	368	1199
SF1660B.1.mpg	18	52	192
SF3301B.1.mpg	1	0	2
SF1656B.1.mpg	9	34	100
SF1678.1.mpg	115	531	1596
SF1653.1.mpg	39	172	483
SF1686.1.mpg	104	364	1463
SF3222.1.mpg	132	557	1424
SF3265.1.mpg	59	255	771
SF1680B.1.mpg	44	209	530
SF1652.1.mpg	71	342	1016
SF1670.1.mpg	115	419	1240
SF1675.1.mpg	85	242	776
SF1684.1.mpg	92	361	1292
SF1672.1.mpg	56	182	548
SF2833.1.mpg	77	315	736
SF1677.1.mpg	77	284	915
SF1667.1.mpg	69	283	761
SF1666.1.mpg	44	183	535
SF1665.1.mpg	72	425	1134
SF3301A.1.mpg	1	2	4
SF3302.1.mpg	64	312	683
SF1682.1.mpg	104	363	1181
SF1680A.1.mpg	76	289	1018
SF1688.1.mpg	85	371	1411
SF1673.1.mpg	97	283	994
SF1671.1.mpg	110	364	1090
SF1752.1.mpg	101	352	1114
SF1738.1.mpg	83	290	879
SF1753B.1.mpg	57	330	807
SF1737B.1.mpg	162	394	908
SF1881.1.mpg	214	859	2313
SF1730.1.mpg	113	348	1209
SF3305.1.mpg	47	219	474
SF1744A.1.mpg	81	253	842
SF1760.1.mpg	71	258	947
SF1734A.1.mpg	106	471	997
SF1737A.1.mpg	80	237	811
SF1758.1.mpg	92	305	1057
SF1742.1.mpg	106	345	1264
SF1751.1.mpg	56	219	650
SF2820A-B.1.mpg	132	550	1503
SF1766.1.mpg	77	288	930
SF3307.1.mpg	46	171	537
SF1729.1.mpg	88	332	1053
SF3357A.1.mpg	40	169	332
SF1756.1.mpg	101	411	1344
SF1734B.1.mpg	46	159	530
SF1754.1.mpg	61	214	746
SF1746.1.mpg	83	291	965
SF1749.1.mpg	140	472	1689
SF1741.1.mpg	54	181	623
SF1761.1.mpg	79	274	904
SF1735.1.mpg	95	277	871
SF1767B.1.mpg	41	197	596
SF1764.1.mpg	53	193	656
SF1748A.1.mpg	7	33	93
SF1743.1.mpg	80	275	956
SF1747.1.mpg	63	226	729
SF1732.1.mpg	82	291	1011
SF1745.1.mpg	131	336	1163
SF1759.1.mpg	104	336	1253
SF1757.1.mpg	56	216	703
SF1750.1.mpg	140	430	1482
SF3357B.1.mpg	60	273	589
SF1731.1.mpg	90	297	1085
SF1733.1.mpg	84	284	1030
SF1765.1.mpg	73	255	882
SF1763.1.mpg	56	217	647
SF1739.1.mpg	67	254	835
SF1736.1.mpg	77	337	962
SF1753A.1.mpg	69	234	826
SF1762A.1.mpg	140	493	1627
SF1755.1.mpg	71	235	731
SF1740.1.mpg	61	209	775
